timestamp,P_A_kW,status_A,mode_A,comfort_violation_A,T_core_A,T_east_A,T_north_A,T_south_A,T_west_A,P_B_kW,SOC_B,TES_mode_B,comfort_violation_B,T_core_B,P_total_kW,feeder_utilization_pct,feeder_margin_kW,feeder_violated,P_A_ref_kW,P_B_ref_kW,SOC_B_target,attack_active
18316800,5.4523007146150937e-11,normal,nominal,0.0,23.90071818560375,23.739442465007528,23.719420351443205,23.719394063196034,23.69423478478177,0.0,0.5,0,0.0,23.899745406107797,5.4523007146150937e-11,1.0904601429230187e-10,49.99999999994548,False,8.0,12.0,0.5,False
18317700,4.967430303368517e-11,normal,nominal,0.0,23.96117564576923,23.855013989280224,23.84869201603459,23.78101764204274,23.849324629875127,0.0,0.5,0,0.0,23.95994439640674,4.967430303368517e-11,9.934860606737033e-11,49.999999999950326,False,8.000000070335256,12.000000019697062,0.6,False
18318600,4.99386435494323e-11,normal,nominal,0.0,23.99650727235212,23.82657164235286,23.875552829219657,23.87507123660282,23.8926281081163,0.0,0.5,0,0.0,23.994548411166534,4.99386435494323e-11,9.98772870988646e-11,49.99999999995006,False,8.000000070335256,12.000000019697062,0.6,False
18319500,5.440792998529373e-11,normal,nominal,0.0,24.01404778252919,23.894645182539307,23.814006279820887,23.899427775952915,23.90751860806381,0.0,0.5,0,0.0,24.011921912669777,5.440792998529373e-11,1.0881585997058745e-10,49.999999999945594,False,8.000000070335256,12.000000019697062,0.6,False
18320400,5.103919345427962e-11,normal,nominal,0.0,24.0190033321839,23.86526374405821,23.830163532598135,23.905866899613443,23.91421096306925,0.0,0.5,0,0.0,24.01658786229791,5.103919345427962e-11,1.0207838690855925e-10,49.99999999994896,False,8.000000070335256,12.000000019697062,0.6,False
18321300,5.4848310144913646e-11,normal,nominal,0.0,24.018026992903287,23.873405756282693,23.8872427870117,23.825222054141875,23.905607090894364,0.0,0.5,0,0.0,24.015214435703,5.4848310144913646e-11,1.096966202898273e-10,49.99999999994515,False,8.000000070335256,12.000000019697062,0.6,False
18322200,4.917037610724994e-11,normal,nominal,0.0,24.01375956815707,23.89381255293972,23.870074378156573,23.86797298138481,23.824999572337617,0.0,0.5,0,0.0,24.01060926100115,4.917037610724994e-11,9.834075221449988e-11,49.99999999995083,False,8.000000070335256,12.000000019697062,0.6,False
18323100,5.494417844207454e-11,normal,nominal,0.0,24.006842908871647,23.88327076226892,23.77822084275624,23.87359763814453,23.873488213064945,0.0,0.5,0,0.0,24.00360733198096,5.494417844207454e-11,1.0988835688414909e-10,49.999999999945054,False,8.000000070335256,12.000000019697062,0.6,False
18324000,5.430443582678481e-11,normal,nominal,0.0,23.99543812990464,23.867706817402677,23.753415490912914,23.86081528903634,23.866284590029238,0.0,0.5,0,0.0,23.99184663551256,5.430443582678481e-11,1.0860887165356962e-10,49.99999999994569,False,8.000000070335256,12.000000019697062,0.6,False
18324900,5.3223874551870644e-11,normal,nominal,0.0,23.98675812575499,23.856842144874463,23.740514425150025,23.84963944794015,23.856118900974366,0.0,0.5,0,0.0,23.983211827972468,5.3223874551870644e-11,1.0644774910374129e-10,49.99999999994677,False,8.000000070335256,12.000000019697062,0.6,False
18325800,5.2046955229139535e-11,normal,nominal,0.0,23.980297489684403,23.848545116753826,23.73129883357217,23.840311459030374,23.847779054596458,0.0,0.5,0,0.0,23.9768672193386,5.2046955229139535e-11,1.0409391045827907e-10,49.99999999994795,False,8.000000070335256,12.000000019697062,0.6,False
18326700,5.0909612432992226e-11,normal,nominal,0.0,23.97526708691089,23.84181058049745,23.7243697891426,23.832326720361664,23.840804187540925,0.0,0.5,0,0.0,23.97197507843947,5.0909612432992226e-11,1.0181922486598444e-10,49.99999999994909,False,8.000000070335256,12.000000019697062,0.6,False
18327600,4.9802571784227136e-11,normal,nominal,0.0,23.971119335807543,23.83591528562232,23.71906255131387,23.82505989914023,23.834562545634867,0.0,0.5,0,0.0,23.967919197005244,4.9802571784227136e-11,9.960514356845427e-11,49.9999999999502,False,8.000000070335256,12.000000019697062,0.6,False
18328500,4.881474470462268e-11,normal,nominal,0.0,23.966796826790244,23.82857051060813,23.71363449060084,23.81623297496725,23.826810184414626,0.0,0.5,0,0.0,23.963717442723237,4.881474470462268e-11,9.762948940924537e-11,49.999999999951186,False,8.000000070335256,12.000000019697062,0.6,False
18329400,4.799283950890034e-11,normal,nominal,0.0,23.96160099350743,23.81914940189688,23.707975912033646,23.805273655910753,23.816186209894852,0.0,0.5,0,0.0,23.958842820043117,4.799283950890034e-11,9.598567901780068e-11,49.99999999995201,False,8.000000070335256,12.000000019697062,0.6,False
18330300,4.733149149209013e-11,normal,nominal,0.0,23.954865461997258,23.808551970750443,23.704447697676983,23.793407995642838,23.79010074827403,0.0,0.5,0,0.0,23.95272629084667,4.733149149209013e-11,9.466298298418026e-11,49.99999999995267,False,8.000000070335256,12.000000019697062,0.6,False
18331200,5.015331172227256e-11,normal,nominal,0.0,23.947204208702203,23.792712664916223,23.741739804543727,23.77877730762441,23.72639581313433,0.0,0.5,0,0.0,23.944988791678725,5.015331172227256e-11,1.0030662344454512e-10,49.99999999994985,False,8.000000070335256,12.000000019697062,0.6,False
18332100,4.927479077918158e-11,normal,nominal,0.0,23.94105074777383,23.783177226197097,23.75940382766055,23.692093096374776,23.76668949527192,0.0,0.5,0,0.0,23.938234123954203,4.927479077918158e-11,9.854958155836316e-11,49.999999999950724,False,8.000000070335256,12.000000019697062,0.6,False
18333000,4.8116328726248885e-11,normal,nominal,0.0,23.93557782058201,23.706668610030874,23.744975660884904,23.745692659618328,23.772878770314776,0.0,0.5,0,0.0,23.93279652806183,4.8116328726248885e-11,9.623265745249777e-11,49.99999999995188,False,8.000000070335256,12.000000019697062,0.6,False
18333900,4.9544635444354224e-11,normal,nominal,0.0,23.932379445211836,23.765423227024428,23.66532198963762,23.75200399788048,23.770188079843763,0.0,0.5,0,0.0,23.929726558023617,4.9544635444354224e-11,9.908927088870845e-11,49.999999999950454,False,8.000000070335256,12.000000019697062,0.6,False
18334800,4.701270365528638e-11,normal,nominal,0.0,23.93106850081199,23.742812477228767,23.69018979497713,23.75365651871232,23.772371376008664,0.0,0.5,0,0.0,23.92886767834659,4.701270365528638e-11,9.402540731057276e-11,49.99999999995299,False,8.000000070335256,12.000000019697062,0.6,False
18335700,4.771998502719887e-11,normal,nominal,0.0,23.935633870110223,23.761727126817846,23.75252295817279,23.712909329389674,23.77595302834959,0.0,0.5,0,0.0,23.933273321643526,4.771998502719887e-11,9.543997005439774e-11,49.99999999995228,False,8.000000070335256,12.000000019697062,0.6,False
18336600,4.7323104312758844e-11,normal,nominal,0.0,23.94420494119879,23.813241825718137,23.771119822620392,23.750868928521413,23.743258330090214,0.0,0.5,0,0.0,23.942129556566215,4.7323104312758844e-11,9.46462086255177e-11,49.99999999995268,False,8.000000070335256,12.000000019697062,0.6,False
18337500,4.7545102094276505e-11,normal,nominal,0.0,23.959937649905214,23.881037091361293,23.748718816031783,23.78681095578696,23.798193170373622,0.0,0.5,0,0.0,23.958121212657147,4.7545102094276505e-11,9.509020418855301e-11,49.99999999995246,False,8.000000070335256,12.000000019697062,0.6,False
18338400,6.4964827971855245e-09,normal,nominal,0.0,23.97501621550896,23.993201814204383,23.759865640551425,23.81184827360977,23.82825114707566,2.8205235271399935,0.49514504755748534,1,0.0,23.25612954214023,2.8205235336364765,5.641047067272953,47.179476466363525,False,8.000000070335256,12.000000019697062,0.9,False
18339300,7.346450040866874e-09,normal,nominal,0.0,23.992765781731123,24.12014285164861,23.790207164228036,23.83729861733468,23.865906935849296,2.6414521108433595,0.49164057862503835,1,0.0,23.066502904864194,2.6414521181898096,5.282904236379619,47.35854788181019,False,8.000000070335256,12.000000019697062,0.9,False
18340200,9.489529949088024e-09,normal,nominal,0.0,24.01968230097782,24.21269518974225,23.830126539785226,23.868182727843475,23.917175016218437,2.5829533756158973,0.48858082040870876,1,0.0,23.00164122928146,2.5829533851054274,5.165906770210855,47.41704661489457,False,8.000000070335256,12.000000019697062,0.9,False
18341100,5.257738741771712e-09,normal,nominal,0.0,24.053206252916652,24.293953556853808,23.88359764403816,23.911967098616117,23.9747615424518,2.7596950574211485,0.4852758961437999,1,0.0,22.932851933989127,2.759695062678887,5.519390125357774,47.24030493732111,False,8.000000070335256,12.000000019697062,0.9,False
18342000,11.448902325647065,normal,nominal,0.0,23.530019329853474,23.7673080384464,23.497962835352666,23.479733906933916,23.43246691196839,2.89791020932117,0.48154335911729035,1,0.0,22.863772346394683,14.346812534968235,28.693625069936466,35.65318746503176,False,8.000000070335256,12.000000019697062,0.9,False
18342900,11.336015948977815,normal,nominal,0.0,23.44239778886731,23.75822332726534,23.446481153871275,23.414570920190386,23.385892870521047,3.0067264015536663,0.47756492337001377,1,0.0,22.812551295845196,14.34274235053148,28.685484701062965,35.65725764946852,False,8.000000070335256,12.000000019697062,0.9,False
18343800,11.308904913840793,normal,nominal,0.0,23.434899519578096,23.78229512177319,23.46478989415715,23.445925324971142,23.38215104428855,3.2371092661543175,0.47350061709986285,1,0.0,22.781019508791246,14.546014179995112,29.092028359990223,35.45398582000489,False,8.000000070335256,12.000000019697062,0.9,False
18344700,11.287184578798467,normal,nominal,0.0,23.439008023376516,23.841547218085566,23.481515850484016,23.48018102863682,23.387429676564864,3.4022206044228183,0.4694036911407281,1,0.0,22.760131892360675,14.689405183221286,29.378810366442572,35.31059481677872,False,8.000000070335256,12.000000019697062,0.9,False
18345600,11.271383903981306,normal,nominal,0.0,23.569693712415244,23.997166737657892,23.624897850901334,23.631608040102208,23.522158334874746,3.1951204575495424,0.46537490051625097,1,0.0,22.865449686395152,14.466504361530848,28.933008723061697,35.53349563846915,False,8.000000070335256,12.000000019697062,0.9,False
18346500,11.280808743866885,normal,nominal,0.0,23.798005516639535,24.230153679774105,23.858969609696715,23.871888262390428,23.740871736844042,3.3987774460094275,0.4613328784498897,1,0.0,23.028014824956017,14.679586189876312,29.359172379752625,35.32041381012369,False,8.000000070335256,12.000000019697062,0.9,False
18347400,11.30788284715941,normal,nominal,0.0,24.106375804946538,24.529861966203896,24.1517451667832,24.182038920280718,24.025140810434664,3.4236589606740035,0.4571922744741638,1,0.0,23.21653367784893,14.731541807833414,29.46308361566683,35.268458192166584,False,8.000000070335256,12.000000019697062,0.9,False
18348300,11.349779371980642,normal,nominal,0.0,24.45585293077886,24.904765227127598,24.511295819847987,24.566893981788894,24.385000639373175,3.4789061637026935,0.4529931042401855,1,0.0,23.443855241896188,14.828685535683334,29.65737107136667,35.171314464316666,False,8.000000070335256,12.000000019697062,0.9,False
18349200,9.172684991869913,under_attack,adaptive,0.0,24.9824132525153,25.369354508612673,24.785409121214684,24.831851292852775,24.74873678219666,3.532945966253919,0.4486103878560332,1,0.0,23.57273860863819,12.705630958123832,25.411261916247664,37.294369041876166,False,8.000000070335252,12.00000001969706,0.9,True
18350100,9.244418512221198,under_attack,adaptive,0.0,25.101467817303785,25.579031239391497,24.93257618443681,25.012969928082043,24.899782727058778,4.313604329460141,0.44410771642102226,1,0.0,23.645963855072182,13.558022841681339,27.116045683362678,36.441977158318664,False,10.300000034183968,12.000000015510752,0.9,True
18351000,9.328135630057213,under_attack,adaptive,0.0,25.183617089005452,25.723336492189617,25.031187973474573,25.165134461491107,24.999539979775705,3.770907331776421,0.4393541241250177,1,0.0,23.688077143414034,13.099042961833634,26.198085923667268,36.90095703816637,False,10.300000034183968,12.000000015510752,0.9,True
18351900,9.408452429179093,under_attack,adaptive,0.0,25.25304095249902,25.829314339767222,25.125883469655378,25.33871924590119,25.096562910685748,4.598161843348745,0.4344244260122848,1,0.0,23.725702807974415,14.006614272527838,28.013228545055675,35.99338572747216,False,10.300000034183968,12.000000015510752,0.9,True
18352800,9.44703101030333,under_attack,adaptive,0.0,25.31420832274216,25.90884754694565,25.200693471020486,25.488905174668332,25.170745119028595,3.885660864564635,0.429189601701304,1,0.0,23.760459446489108,13.332691874867965,26.665383749735934,36.66730812513204,False,10.300000034183968,12.000000015510752,0.9,True
18353700,9.540404442861437,under_attack,adaptive,0.0,25.375530282285524,25.973502576942337,25.268846479176545,25.61542616348646,25.24609319182366,4.502778073569605,0.4237916873857564,1,0.0,23.77553868075529,14.043182516431042,28.086365032862084,35.956817483568955,False,10.300000034183968,12.000000015510752,0.3,True
18354600,9.610581356054789,under_attack,adaptive,0.006493529343075011,25.434057277885927,26.0259741173723,25.332759963401998,25.73650598076904,25.30610819918479,3.872267224019327,0.4180962158348107,1,0.0,23.789947866829664,13.482848580074116,26.965697160148235,36.51715141992588,False,10.300000034183968,12.000000015510752,0.3,True
18355500,9.665929572947668,under_attack,adaptive,0.016890714913017746,25.490701848382628,26.06756285965207,25.391748424658374,25.850438754882134,25.367956835137363,2.6739276575764874,0.41221139835937914,1,0.0,23.806322195055998,12.339857230524157,24.679714461048313,37.66014276947584,False,10.300000034183968,12.000000015510752,0.3,True
18356400,9.721312958930143,under_attack,adaptive,0.02590814266196162,25.543097346692434,26.103632570647846,25.457469792075585,25.962000062425204,25.426462269900355,3.971437226208382,0.4061983570774227,1,0.0,23.818241264586504,13.692750185138525,27.38550037027705,36.30724981486148,False,10.300000034183968,12.000000015510752,0.9,True
18357300,9.75724234771829,under_attack,adaptive,0.04952807561863892,25.59404755012497,26.127579042728712,25.51512007323629,26.070533259745844,25.481104159968936,4.471404862771241,0.4001318478558588,1,0.0,23.8409195127345,14.22864721048953,28.45729442097906,35.77135278951047,False,10.300000034183968,12.000000015510752,0.9,True
18358200,9.788569384084518,under_attack,adaptive,0.07824045347001629,25.642758802121023,26.15134029658475,25.568411353357874,26.161621517295316,25.53438987790986,4.113559737151684,0.3937886701297688,1,0.0,23.847584508447994,13.902129121236202,27.8042582424724,36.0978708787638,False,10.300000034183968,12.000000015510752,0.9,True
18359100,9.814639613278649,under_attack,adaptive,0.10835659930741315,25.69353158280518,26.180927745772806,25.628687298966895,26.252498651456847,25.590689735439014,4.423836046112677,0.3874217001775024,1,0.0,23.85858653335839,14.238475659391327,28.47695131878265,35.76152434060867,False,10.300000034183968,12.000000015510752,0.9,True
18360000,9.825923228854125,under_attack,adaptive,0.09916049884239442,25.66215237979071,26.139892469690096,25.599925168488312,26.25674952567948,25.56328687211186,4.045162730714212,0.3810009031077159,1,0.0,23.790206436334586,13.871085959568337,27.74217191913667,36.12891404043167,False,10.300000034183968,12.000000015510752,0.9,True
18360900,9.84897748436729,under_attack,adaptive,0.12300465470451627,25.697680654303213,26.165144487801854,25.640967425344854,26.32687413101621,25.615246182535543,2.738503096387603,0.3745723123929586,1,0.0,23.800778981676274,12.587480580754894,25.174961161509792,37.41251941924511,False,10.300000034183968,12.000000015510752,0.9,True
18361800,9.871841401195704,under_attack,adaptive,0.14910518221392977,25.741555714919116,26.20413934004557,25.690501539545266,26.392281388810147,25.690976156666977,4.15301354550408,0.3681888193268247,1,0.0,23.82065130758201,14.024854946699783,28.049709893399566,35.97514505330022,False,10.300000034183968,12.000000015510752,0.9,True
18362700,9.883022263950126,under_attack,adaptive,0.16964645673991186,25.783172450897155,26.2340747294204,25.729288636315744,26.444511097539248,25.767675874217616,4.431121194677761,0.3617498892628043,1,0.0,23.83366718532966,14.314143458627887,28.628286917255775,35.68585654137211,False,10.300000034183968,12.000000015510752,0.9,True
18363600,11.92611330979991,normal,nominal,0.18649036157032128,25.67540478485796,26.231237291623415,25.878854859977537,26.51472415465787,25.910450256902152,4.302657096416213,0.3548488523772222,1,0.0,23.97483184756544,16.22877040621612,32.45754081243224,33.77122959378388,False,10.300000034183968,12.000000015510752,0.9,False
18364500,11.93196241172405,normal,nominal,0.20495968083626792,25.71386421127653,26.2661470452627,25.927681152032676,26.553691678082373,25.984310937661178,2.8888885236852415,0.34775816987156993,1,0.0,23.991077277496913,14.820850935409293,29.641701870818586,35.1791490645907,False,8.000000070335256,12.000000019697062,0.9,False
18365400,11.935549655853768,normal,nominal,0.24739064068599248,25.759089146674228,26.30762419032243,25.98232529237771,26.60547632724706,26.07646204517448,4.438252597150179,0.3405026457995457,1,0.0,24.005907282859482,16.373802253003948,32.747604506007896,33.626197746996056,False,8.000000070335256,12.000000019697062,0.9,False
18366300,11.935443040903804,normal,nominal,0.3042701994584007,25.805676897354772,26.348517312442368,26.036334445045043,26.65853594656238,26.17369309378381,4.3860793268480815,0.3330555046699331,1,0.0,24.009687348003354,16.321522367751886,32.64304473550377,33.67847763224812,False,8.000000070335256,12.000000019697062,0.9,False
18367200,9.87884141937488,under_attack,adaptive,0.5257615110474347,26.161094552937982,26.526863306510847,26.13371043443766,26.85562831525118,26.42574943505207,4.471716144379115,0.3254303470509366,1,0.0,24.01778131298522,14.350557563753995,28.701115127507993,35.649442436246005,False,8.000000070335252,12.00000001969706,0.9,True
18368100,9.822048242189355,under_attack,adaptive,0.632751516035853,26.234553994926102,26.58954139293934,26.21167991585463,26.928409735226637,26.566821025196703,4.390816144652428,0.3176916439709823,1,0.0,24.020589104663884,14.212864386841783,28.425728773683566,35.78713561315821,False,10.300000034183968,12.000000015510752,0.3,True
18369000,9.76381178799078,under_attack,adaptive,0.716982253166279,26.291810805312252,26.62766552047958,26.275143881322094,26.979113439131822,26.694195366419365,4.57722255213432,0.3099944821407855,1,0.0,24.018998167567588,14.341034340125102,28.682068680250204,35.658965659874895,False,10.300000034183968,12.000000015510752,0.3,True
18369900,9.744224839274732,under_attack,adaptive,0.7969414814096608,26.346980843682275,26.66923161114994,26.329734159254315,27.019279078130012,26.822540233422103,4.488486506546793,0.30256401897553864,1,0.0,24.044402580100098,14.232711345821524,28.46542269164305,35.76728865417847,False,10.300000034183968,12.000000015510752,0.3,True
18370800,9.76714622381599,under_attack,adaptive,0.884799230577059,26.40628971566622,26.713028022006142,26.391514633306883,27.06485705117052,26.96350750015847,4.539237432247377,0.2948442502289396,1,0.0,24.048544856687045,14.306383656063367,28.612767312126735,35.69361634393663,False,10.300000034183968,12.000000015510752,0.3,True
18371700,9.835201934404708,under_attack,adaptive,0.9721090395655237,26.46366209074813,26.766320025408902,26.450493549844566,27.105585578658065,27.102374913602432,3.089575426333249,0.2871174430291039,1,0.0,24.067043836832966,12.924777360737957,25.849554721475915,37.075222639262044,False,10.300000034183968,12.000000015510752,0.3,True
18372600,9.901787319277801,under_attack,adaptive,1.0621987097331385,26.523157576895812,26.81352006072143,26.517350357206624,27.148945917259596,27.245820926849092,4.783251403998802,0.27897058709482936,1,0.0,24.075068400515477,14.685038723276604,29.370077446553207,35.314961276723395,False,10.300000034183968,12.000000015510752,0.3,True
18373500,9.926535675547624,under_attack,adaptive,1.1446392373814833,26.58127094598649,26.860836611153672,26.577535014404305,27.18278114368087,27.376133234300596,4.452549491285942,0.2705397903364736,1,0.0,24.085069886279484,14.379085166833566,28.75817033366713,35.62091483316644,False,10.300000034183968,12.000000015510752,0.3,True
18374400,9.903372804401494,under_attack,adaptive,1.2213960857739465,26.63794844107258,26.89829644402721,26.63506911067816,27.21789984921827,27.496370498099566,4.85050737056683,0.26220212879628807,1,0.0,24.10418290922246,14.753880174968323,29.507760349936646,35.24611982503168,False,10.300000034183968,12.000000015510752,0.3,True
18375300,9.865444390437673,under_attack,adaptive,1.2882320955449273,26.68956515530334,26.939001733382497,26.686110698245102,27.244939070791247,27.59331172445752,3.4064326847648725,0.253412369530901,1,0.0,23.914012996808765,13.271877075202546,26.543754150405093,36.728122924797454,False,10.300000034183968,12.000000015510752,0.3,True
18376200,9.843222697679414,under_attack,adaptive,1.3539823676121188,26.73979249451702,26.96827811469899,26.738088453064165,27.277698543839733,27.692071864328568,4.9005580386377705,0.24504304277057984,1,0.0,23.950668932301483,14.743780736317184,29.487561472634365,35.256219263682816,False,10.300000034183968,12.000000015510752,0.3,True
18377100,9.832687628492168,under_attack,adaptive,1.4146950448098892,26.788890473651747,27.00270212678288,26.78111720897698,27.304457353528733,27.781613016299218,4.5030905175133125,0.23669821387407475,1,0.0,23.96242635158535,14.335778146005481,28.671556292010962,35.66422185399452,False,10.300000034183968,12.000000015510752,0.3,True
18378000,9.811077821256083,under_attack,adaptive,1.3999858895251265,26.777539281964152,26.97058841894551,26.770048833633155,27.269591974502703,27.812175049054986,4.912875882009935,0.2284870377185545,1,0.0,23.938177909188823,14.723953703266018,29.447907406532035,35.27604629673398,False,10.300000034183968,12.000000015510752,0.3,True
18378900,9.815215807923503,under_attack,adaptive,1.3314672248023527,26.72661115150828,26.916340170301567,26.71529293752525,27.18488092158077,27.782743718293545,4.627075936572655,0.2203968185168145,1,0.0,23.89333240258196,14.442291744496156,28.88458348899231,35.55770825550384,False,10.300000034183968,12.000000015510752,0.3,True
18379800,9.831649272568336,under_attack,adaptive,1.250136308173765,26.657578728240026,26.864320564677257,26.650996671562154,27.091998643029456,27.735650625186167,4.829496066091679,0.21246557662561905,1,0.0,23.833988584237716,14.661145338660015,29.32229067732003,35.33885466133999,False,10.300000034183968,12.000000015510752,0.3,True
18380700,9.813461670291979,under_attack,adaptive,1.143438322727292,26.579675262292938,26.786231172007206,26.56472777566802,26.984884833136505,27.6582342478045,8.934818820792005,0.21195640932950963,2,0.16592079064093923,24.148333989027776,18.74828049108398,37.49656098216796,31.25171950891602,False,10.300000034183968,12.000000015510752,0.3,True
18381600,9.775978729125915,under_attack,adaptive,1.0173700244041868,26.48888308388416,26.675992533818544,26.467416486147044,26.87762724397328,27.559560749793718,9.572241909229307,0.21195640730092327,2,0.0,23.90839180438047,19.348220638355222,38.696441276710445,30.651779361644778,False,10.300000034183968,12.000000015510752,0.3,True
18382500,9.733232679544091,under_attack,adaptive,0.8704533577183895,26.387786798782713,26.56015669030569,26.340348176947543,26.757156107698393,27.43636565713922,9.088382721713034,0.2119564053193566,2,0.0,23.79167236989781,18.821615401257127,37.64323080251425,31.178384598742873,False,10.300000034183968,12.000000015510752,0.3,True
18383400,9.724373272153343,under_attack,adaptive,0.712335180335444,26.271869301773563,26.43627098313135,26.198245851854097,26.63798085832542,27.304973726257344,9.217658155920953,0.21195640331450025,2,0.0,23.679753435517966,18.942031428074294,37.88406285614859,31.057968571925706,False,10.300000034183968,12.000000015510752,0.3,True
18384300,9.69041792035931,under_attack,adaptive,0.5390369922263147,26.14533445539155,26.311354994398528,26.045808116793694,26.503903957291584,27.149746445029905,8.948583982175686,0.21195640128668927,2,0.0,23.570726556323223,18.639001902534996,37.27800380506999,31.360998097465004,False,10.300000034183968,12.000000015510752,0.3,True
18385200,4.899481960755379e-11,normal,nominal,0.8737792946651411,26.2796499479241,26.666565907766653,26.38218893517802,26.801618706648014,27.365093681143776,0.0,0.21195640108298086,0,1.0067168113652656,24.768000915298842,4.899481960755379e-11,9.798963921510756e-11,49.99999999995101,False,10.300000034183968,12.000000015510752,0.6,False
18386100,5.4179705751028587e-11,normal,nominal,0.8616749439932221,26.283263029210843,26.644630038495507,26.39551488275498,26.794450205758892,27.328841619752666,0.0,0.21195640108298086,0,1.6320490682302875,24.9693526613367,5.4179705751028587e-11,1.0835941150205717e-10,49.99999999994582,False,8.000000070335256,12.000000019697062,0.6,False
18387000,4.990028925505116e-11,normal,nominal,0.8209778843286131,26.268046846927973,26.61284945150851,26.358661290462805,26.764424113141104,27.27992983527406,0.0,0.21195640108298086,0,1.7091577245204235,24.999807391887202,4.990028925505116e-11,9.980057851010232e-11,49.9999999999501,False,8.000000070335256,12.000000019697062,0.6,False
18387900,4.7194519615611333e-11,normal,nominal,0.7789930023914876,26.252190076060458,26.589305444657214,26.319247682289358,26.72047163191013,27.23475717464879,0.0,0.21195640108298086,0,1.681876916630813,25.006820547157815,4.7194519615611333e-11,9.438903923122268e-11,49.999999999952806,False,8.000000070335256,12.000000019697062,0.6,False
18388800,4.6804249169781974e-11,normal,nominal,0.7436855895671924,26.238104002746127,26.567664717397406,26.283960891538584,26.69073901360639,27.194273732980264,0.0,0.21195640108298086,0,1.6366610371869115,25.008076203423627,4.6804249169781974e-11,9.360849833956395e-11,49.9999999999532,False,8.000000070335256,12.000000019697062,0.6,False
18389700,4.660407541642497e-11,normal,nominal,0.7161686943086067,26.22780335236729,26.549686976134012,26.25535897596643,26.671985973682013,27.159839499084683,0.0,0.21195640108298086,0,1.5990582885355025,25.008742739627962,4.660407541642497e-11,9.320815083284994e-11,49.999999999953396,False,8.000000070335256,12.000000019697062,0.6,False
18390600,4.64123020861202e-11,normal,nominal,0.6935312009454151,26.22015773601015,26.535008530013442,26.2313151346126,26.65791521022311,27.129728192922357,0.0,0.21195640108298086,0,1.5654905454724144,25.009141577928574,4.64123020861202e-11,9.28246041722404e-11,49.99999999995359,False,8.000000070335256,12.000000019697062,0.6,False
18391500,4.606803308414276e-11,normal,nominal,0.6719586180827405,26.21313625035424,26.521529835797253,26.21008256075936,26.6418960638635,27.10118976155661,0.0,0.21195640108298086,0,1.5226899248628456,25.00820503387058,4.606803308414276e-11,9.213606616828552e-11,49.999999999953936,False,8.000000070335256,12.000000019697062,0.6,False
18392400,4.6031313597374823e-11,normal,nominal,0.6468589770749277,26.203384525338834,26.508765825321973,26.191092228780292,26.614046930685106,27.070146398173506,0.0,0.21195640108298086,0,1.4553369996409629,25.004299032827817,4.6031313597374823e-11,9.206262719474965e-11,49.99999999995397,False,8.000000070335256,12.000000019697062,0.6,False
18393300,4.671266785619611e-11,normal,nominal,0.6132620229156771,26.188962303116625,26.490911171080597,26.164839611024547,26.574584106332395,27.033750900108544,0.0,0.21195640108298086,0,1.3444872345521048,24.99461189855282,4.671266785619611e-11,9.342533571239223e-11,49.99999999995329,False,8.000000070335256,12.000000019697062,0.6,False
18394200,4.551534140998243e-11,normal,nominal,0.576526254506618,26.173707536644997,26.460666125591956,26.135391416669677,26.543857604826087,26.992482334293754,0.0,0.21195640108298086,0,1.216518434962893,24.984531766452676,4.551534140998243e-11,9.103068281996487e-11,49.99999999995448,False,8.000000070335256,12.000000019697062,0.6,False
18395100,4.4815311074171684e-11,normal,nominal,0.5427743514325272,26.158882340432797,26.431690352430792,26.108956974056525,26.523970179853393,26.947597558956602,0.0,0.21195640108298086,0,1.122875749434911,24.97443657870184,4.4815311074171684e-11,8.963062214834337e-11,49.999999999955186,False,8.000000070335256,12.000000019697062,0.6,False
18396000,4.474380391355852e-11,normal,nominal,0.5168445545991318,26.14684891351817,26.408724007905505,26.088841726224473,26.498341870150284,26.924621700598095,0.0,0.21195640108298086,0,1.061085958600188,24.96457764050558,4.474380391355852e-11,8.948760782711704e-11,49.99999999995526,False,8.000000070335256,12.000000019697062,0.6,False
18396900,4.39109713205381e-11,normal,nominal,0.4984969651930271,26.139214927800367,26.38762733213116,26.075878348603055,26.491974427653872,26.899292824583654,0.0,0.21195640108298086,0,1.0159539042211918,24.959116842160313,4.39109713205381e-11,8.78219426410762e-11,49.99999999995609,False,8.000000070335256,12.000000019697062,0.6,False
18397800,3.8936134589239737e-13,normal,nominal,0.4831292068165993,26.133369312382797,26.37658666486942,26.06516205478698,26.481479860199386,26.875918935027812,0.0,0.21195640108298086,0,0.9767225807857471,24.95459977118452,3.8936134589239737e-13,7.787226917847948e-13,49.99999999999961,False,8.000000070335256,12.000000019697062,0.6,False
18398700,3.1928621111753066e-20,normal,nominal,0.46505119705429365,26.12612117178935,26.36209149433745,26.054739205470923,26.46505749794619,26.85219541867326,0.0,0.21195640108298086,0,0.9278590082762435,24.94829630573645,3.1928621111753066e-20,6.385724222350613e-20,50.0,False,8.000000070335256,12.000000019697062,0.6,False
18399600,3.7549184214186487e-13,normal,nominal,0.4444358319592965,26.11734898723398,26.344694278370866,26.04116730961266,26.447000478234372,26.827532274385305,0.0,0.21195640108298086,0,0.8750041222817799,24.94088485962891,3.7549184214186487e-13,7.509836842837298e-13,49.99999999999962,False,8.000000070335256,12.000000019697062,0.6,False
18400500,4.4140526072769575e-11,normal,nominal,0.41969985922465014,26.106100206157976,26.318259267230076,26.027005400193048,26.42603782039879,26.801396742918712,0.0,0.21195640108298086,0,0.8114128234808504,24.931203599413948,4.4140526072769575e-11,8.828105214553915e-11,49.99999999995586,False,8.000000070335256,12.000000019697062,0.6,False
18401400,4.622435632336426e-11,normal,nominal,0.38618206880948946,26.089340116056064,26.304809915984777,26.008753845337083,26.369239178171597,26.772585219688438,0.0,0.21195640108298086,0,0.724474996376955,24.915661876056106,4.622435632336426e-11,9.244871264672851e-11,49.99999999995378,False,8.000000070335256,12.000000019697062,0.6,False
18402300,4.6061080254129766e-11,normal,nominal,0.3571148474653256,26.074105784883443,26.283959713457932,25.989594402907244,26.34820559082283,26.7221883006971,0.0,0.21195640108298086,0,0.6439120895724386,24.902396032851584,4.6061080254129766e-11,9.212216050825952e-11,49.999999999953936,False,8.000000070335256,12.000000019697062,0.6,False
18403200,4.61280713363633e-11,normal,nominal,0.33880909177278795,26.063587855360367,26.265647938861207,25.973667192509254,26.33251943100646,26.693481141863117,0.0,0.21195640108298086,0,0.589824139766165,24.89346081629094,4.61280713363633e-11,9.225614267272661e-11,49.99999999995387,False,8.000000070335256,12.000000019697062,0.6,False
18404100,4.616952878179064e-11,normal,nominal,0.322511472155,26.055464733127394,26.249223311845526,25.960311968607414,26.315917117901108,26.66944072574597,0.0,0.21195640108298086,0,0.5409059345114997,24.88652302841075,4.616952878179064e-11,9.233905756358128e-11,49.99999999995383,False,8.000000070335256,12.000000019697062,0.6,False
18405000,4.615363917053651e-11,normal,nominal,0.3064825946687364,26.04785979173323,26.233169338615653,25.947498923929288,26.297854762886743,26.64704648543932,0.0,0.21195640108298086,0,0.5051097490894563,24.880062153301083,4.615363917053651e-11,9.230727834107303e-11,49.99999999995384,False,8.000000070335256,12.000000019697062,0.6,False
18405900,4.6069523544800065e-11,normal,nominal,0.29041558294883885,26.040529464355586,26.217336073706576,25.93491888834086,26.276785886201992,26.6270109075312,0.0,0.21195640108298086,0,0.46838604640186077,24.873900034482233,4.6069523544800065e-11,9.213904708960014e-11,49.99999999995393,False,8.000000070335256,12.000000019697062,0.6,False
18406800,4.6014700773686206e-11,normal,nominal,0.2741600456487703,26.033238078888473,26.201504948209333,25.922365136661824,26.252614598648393,26.609282556848882,0.0,0.21195640108298086,0,0.4303247938441359,24.86780970593918,4.6014700773686206e-11,9.202940154737242e-11,49.999999999953985,False,8.000000070335256,12.000000019697062,0.6,False
18407700,4.6121860145674066e-11,normal,nominal,0.2578380110672498,26.025699972734287,26.185400354274236,25.909532979555365,26.226829117931402,26.593422599329074,0.0,0.21195640108298086,0,0.3993855154268431,24.861467421061832,4.6121860145674066e-11,9.224372029134812e-11,49.99999999995388,False,8.000000070335256,12.000000019697062,0.6,False
18408600,4.6337607089055376e-11,normal,nominal,0.24165380059082509,26.017952684285433,26.169008006809577,25.896497332085687,26.201504022470317,26.578150488797974,0.0,0.21195640108298086,0,0.3858196685784492,24.854816101334052,4.6337607089055376e-11,9.267521417811075e-11,49.999999999953666,False,8.000000070335256,12.000000019697062,0.6,False
18409500,4.6498465598043176e-11,normal,nominal,0.22573687249557395,26.01027177270163,26.152659809659554,25.88355648030972,26.178514648913165,26.56150125870795,0.0,0.21195640108298086,0,0.3711928272575733,24.848290385120663,4.6498465598043176e-11,9.299693119608635e-11,49.9999999999535,False,8.000000070335256,12.000000019697062,0.6,False
18410400,4.67332483906654e-11,normal,nominal,0.20890714441209468,26.002341216041543,26.13702151082407,25.87137299062465,26.155393593440465,26.5408722573423,0.0,0.21195640108298086,0,0.35321008929298614,24.841715768068127,4.67332483906654e-11,9.34664967813308e-11,49.99999999995327,False,8.000000070335256,12.000000019697062,0.6,False
18411300,4.707695892778335e-11,normal,nominal,0.19209080112041477,25.99374229178693,26.123620033197028,25.861493102462475,26.12917709278571,26.51556607849892,0.0,0.21195640108298086,0,0.33123696822696047,24.834918423457452,4.707695892778335e-11,9.41539178555667e-11,49.99999999995293,False,8.000000070335256,12.000000019697062,0.6,False
18412200,4.731098716017136e-11,normal,nominal,0.17625441328532077,25.985505575510842,26.112334719627768,25.85370968485705,26.105040182732523,26.487642750780992,0.0,0.21195640108298086,0,0.30708287297125025,24.828855947652585,4.731098716017136e-11,9.462197432034271e-11,49.99999999995269,False,8.000000070335256,12.000000019697062,0.6,False
18413100,4.746481865077341e-11,normal,nominal,0.16212029456566768,25.978089083954046,26.101574520051884,25.846281836020694,26.085713625720814,26.461193032489973,0.0,0.21195640108298086,0,0.28420804091820173,24.82362344149709,4.746481865077341e-11,9.492963730154682e-11,49.999999999952536,False,8.000000070335256,12.000000019697062,0.6,False
18414000,4.751318523367862e-11,normal,nominal,0.149260049543102,25.97126355750413,26.08933513337223,25.837165085705692,26.068146467607562,26.439558597192615,0.0,0.21195640108298086,0,0.26553008764676633,24.81879981471559,4.751318523367862e-11,9.502637046735725e-11,49.999999999952486,False,8.000000070335256,12.000000019697062,0.6,False
18414900,4.744464907196126e-11,normal,nominal,0.13657243642938965,25.96458688731377,26.07431408094419,25.825200903211453,26.048704238933,26.42327142584037,0.0,0.21195640108298086,0,0.2516105497487615,24.814154101209226,4.744464907196126e-11,9.488929814392252e-11,49.99999999995256,False,8.000000070335256,12.000000019697062,0.6,False
18415800,4.7357989345321896e-11,normal,nominal,0.12516265310252095,25.95839635556399,26.057747430862037,25.81211602782963,26.029718768829696,26.41318441271835,0.0,0.21195640108298086,0,0.24354626786754352,24.810118287844716,4.7357989345321896e-11,9.47159786906438e-11,49.99999999995264,False,8.000000070335256,12.000000019697062,0.6,False
18416700,4.740682182502782e-11,normal,nominal,0.11773231852372135,25.953762768926765,26.04223469536612,25.801145258844883,26.017429995981843,26.411264582746924,0.0,0.21195640108298086,0,0.24214688255602823,24.806649143871255,4.740682182502782e-11,9.481364365005564e-11,49.99999999995259,False,8.000000070335256,12.000000019697062,0.6,False
18417600,4.739644168197767e-11,normal,nominal,0.11543991283897981,25.950703169805706,26.030027386843642,25.79389108534042,26.020144092056228,26.41158817245605,9.01744131578741,0.219101309901218,-1,0.24049982006675918,24.802938330123368,9.017441315834807,18.034882631669614,40.98255868416519,False,8.000000070335256,12.000000019697062,0.6,False
18418500,4.463300845756773e-11,normal,nominal,0.12536595970293263,25.959180593680856,25.999936612188037,25.793992979022164,26.095876731439546,26.405587107372185,8.799441864761254,0.22809817241144256,-1,0.23470431948953774,24.80987564811744,8.799441864805887,17.598883729611774,41.200558135194115,False,8.000000070335256,12.000000019697062,0.6,False
18419400,1.1805425783037527e-12,normal,nominal,0.13344261985969297,25.96954889914099,26.02291682906406,25.79804113552757,26.1068213176448,26.404032332729912,0.0,0.22929775407945083,0,0.23231071134659942,24.818405460552754,1.1805425783037527e-12,2.3610851566075054e-12,49.99999999999882,False,8.000000070335256,12.000000019697062,0.6,False
18420300,4.1830250149049823e-22,normal,nominal,0.14176465604583655,25.977312773567405,26.05955043860962,25.815930969652015,26.105000117880707,26.40250806769302,0.0,0.22929775407945083,0,0.23125857303517705,24.826518175185583,4.1830250149049823e-22,8.366050029809965e-22,50.0,False,8.000000070335256,12.000000019697062,0.6,False
18421200,9.95192330457564e-71,normal,nominal,0.1558012863445697,25.987040350237237,26.11378399040717,25.837807328143583,26.10657093700536,26.40285021796575,8.787522344184731,0.2370950349213816,-1,0.23149601196746517,24.834700722529476,8.787522344184731,17.575044688369463,41.21247765581527,False,8.000000070335256,12.000000019697062,0.6,False
18422100,3.1920767184430122e-27,normal,nominal,0.1756216603153007,26.000590363124275,26.184741699782137,25.863058005014295,26.11122416696702,26.40593041138777,8.786594889322581,0.24609189743135299,-1,0.23441849406265192,24.84676966082924,8.786594889322581,17.573189778645162,41.21340511067742,False,8.000000070335256,12.000000019697062,0.6,False
18423000,3.223233577427078e-62,normal,nominal,0.20383059073520826,26.017635042997654,26.266209693201347,25.88983433247904,26.119206293562172,26.41227133317966,0.0,0.2460918974333995,0,0.30072910159805133,24.863188268958652,3.223233577427078e-62,6.446467154854156e-62,50.0,False,8.000000070335256,12.000000019697062,0.6,False
18423900,3.5467519093811267e-28,normal,nominal,0.23964869271394207,26.039818135280598,26.36091921042157,25.921486183268087,26.1335436123627,26.4243138127909,0.0,0.2460918974333995,0,0.4106996287180209,24.885014102234777,3.5467519093811267e-28,7.093503818762253e-28,50.0,False,8.000000070335256,12.000000019697062,0.6,False
18424800,5.194487645706891e-92,normal,nominal,0.28383088793262345,26.066626814460392,26.470745053843416,25.95679104775462,26.155439389052844,26.44251229437384,2.736076441720617,0.24469684517113105,1,0.0,23.9489713464244,2.736076441720617,5.472152883441234,47.26392355827938,False,8.000000070335256,12.000000019697062,0.6,False
18425700,2.5710919923122477e-52,normal,nominal,0.3415503152162245,26.101957356060723,26.60427106085382,25.998362696214087,26.189341046039544,26.470631797910812,2.714953389522869,0.24155817113618847,1,0.0,23.770157259819825,2.714953389522869,5.429906779045738,47.28504661047713,False,8.000000070335256,12.000000019697062,0.6,False
18426600,7.05765558965145e-66,normal,nominal,0.4149049338733022,26.141831798041267,26.74085867512258,26.039345947247682,26.2322094234608,26.505373891620877,2.9639240609412822,0.2377475538512207,1,0.0,23.657910790625294,2.9639240609412822,5.9278481218825645,47.03607593905872,False,8.000000070335256,12.000000019697062,0.6,False
18427500,4.2460295221361535e-23,normal,nominal,0.4928543578537159,26.18441992790872,26.88228937899885,26.081115871983684,26.279917806490573,26.543674446033037,3.1883268833243505,0.23357377545427102,1,0.0,23.620960996141662,3.1883268833243505,6.376653766648702,46.81167311667565,False,8.000000070335256,12.000000019697062,0.6,False
18428400,11.88535413658043,normal,nominal,0.11443195998609212,25.617330751498173,26.43176387586186,25.548268993262923,25.81903136446317,26.025963964082507,3.504062964313746,0.22917177775347614,1,0.0,23.587769567654277,15.389417100894176,30.778834201788353,34.61058289910582,False,8.000000070335256,12.000000019697062,0.6,False
18429300,11.811634905315893,normal,nominal,0.10644431841973301,25.51579478447553,26.425777273678932,25.46008374491572,25.745835791314676,25.93854740462723,2.586562850139815,0.22450447147089336,1,0.0,23.559324111931403,14.398197755455708,28.796395510911417,35.60180224454429,False,8.000000070335256,12.000000019697062,0.6,False
18430200,11.778763885626743,normal,nominal,0.12432216338679325,25.52076549019006,26.497288653547173,25.468312342269144,25.756086672250262,25.938443878486794,3.748940481606193,0.2198537028978948,1,0.0,23.553794024520812,15.527704367232936,31.05540873446587,34.472295632767064,False,8.000000070335256,12.000000019697062,0.6,False
18431100,11.757489362112524,normal,nominal,0.14468467724312006,25.53847798527852,26.57873870897248,25.48959301094402,25.780070322115364,25.95029741445103,4.634184289335116,0.2151443169209097,1,0.0,23.545360256621507,16.39167365144764,32.78334730289528,33.60832634855236,False,8.000000070335256,12.000000019697062,0.6,False
18432000,11.770022816569512,normal,nominal,0.2175423309040525,25.698584929185756,26.783685414540628,25.641474093947636,25.93670248344614,26.086483909075582,8.67534756918205,0.2144609837631161,2,0.0,23.811796358395895,20.44537038575156,40.89074077150312,29.55462961424844,False,8.000000070335256,12.000000019697062,0.6,False
18432900,11.813374822870474,normal,nominal,0.40330412315128683,25.992748187795314,27.083451904011156,25.902567184586985,26.204647428941485,26.325117159652507,9.192973986203935,0.2144609816350286,2,0.0,23.881234814421646,21.00634880907441,42.01269761814882,28.99365119092559,False,8.000000070335256,12.000000019697062,0.6,False
18433800,11.866856172464885,normal,nominal,0.7630286929765759,26.30055710245142,27.402165799161367,26.22386446119964,26.52663211795152,26.598895291142355,9.694129192960329,0.2144609796105648,2,0.0,24.012416545861925,21.560985365425214,43.12197073085043,28.439014634574786,False,8.000000070335256,12.000000019697062,0.6,False
18434700,11.910723585647933,normal,nominal,1.150419270951076,26.586930679785667,27.705850779379034,26.552464111206746,26.879688176705713,26.876743336727145,9.80121412206982,0.21446097765879027,2,0.0,24.176535417196874,21.711937707717752,43.423875415435504,28.288062292282248,False,8.000000070335256,12.000000019697062,0.6,False
18435600,11.916775613160748,normal,nominal,1.3771889716913819,26.74512170338045,27.892689931485847,26.728015587161224,27.102616969795292,27.040311694942716,10.283995852230875,0.2144609758070132,2,0.0,24.197482170260344,22.200771465391625,44.40154293078325,27.799228534608375,False,8.000000070335256,12.000000019697062,0.6,False
18436500,11.88463668209367,normal,nominal,1.5020875718375637,26.828146929080162,28.004068278033856,26.82095474710127,27.2271608035104,27.128019529624567,11.165855524372187,0.21446097398337094,2,0.0,24.024878261534468,23.050492206465858,46.100984412931716,26.949507793534142,False,8.000000070335256,12.000000019697062,0.6,False
18437400,11.84908405764297,normal,nominal,1.6048924821196524,26.89545144493843,28.09118974201766,26.900231341751407,27.33344989000716,27.19924750976395,11.110571553713626,0.21446097228495808,2,0.0,23.982760715893846,22.959655611356595,45.91931122271319,27.040344388643405,False,8.000000070335256,12.000000019697062,0.6,False
18438300,11.840000502058606,normal,nominal,1.6982214774410804,26.955231777418476,28.161546835904176,26.974563012943975,27.437970497910896,27.2635737855868,12.279118631591562,0.21446097054648366,2,0.0,24.003944692654386,24.119119133650166,48.23823826730033,25.880880866349834,False,8.000000070335256,12.000000019697062,0.6,False
18439200,11.872954045212172,normal,nominal,1.7892664846985014,27.0130577284217,28.221462041962013,27.04818600540625,27.545695646348804,27.328664516655238,11.447263768824444,0.21446096889058774,2,0.0,23.98852258804675,23.320217814036617,46.640435628073234,26.679782185963383,False,8.000000070335256,12.000000019697062,0.6,False
18440100,11.926475982177676,normal,nominal,1.8767743937558663,27.068007983422717,28.269942183783655,27.12280040251852,27.653821194508566,27.392525810790005,12.899505958468634,0.21446096719893984,2,0.0,24.00556402024131,24.825981940646308,49.651963881292616,25.174018059353692,False,8.000000070335256,12.000000019697062,0.6,False
18441000,11.979665517641665,normal,nominal,1.9630119775288932,27.122498788854273,28.31040755028539,27.1957983639129,27.767168018093855,27.456175188969155,12.696831450786993,0.21446096561158282,2,0.0,23.989328970484223,24.67649696842866,49.35299393685732,25.32350303157134,False,8.000000070335256,12.000000019697062,0.6,False
18441900,12.008110682738407,normal,nominal,2.044271584661672,27.175379797061566,28.342709315240825,27.265255367313955,27.87606409923643,27.517677759793912,11.948060134795627,0.21446096401311768,2,0.0,24.005028162534018,23.956170817534034,47.91234163506807,26.043829182465966,False,8.000000070335256,12.000000019697062,0.6,False
18442800,12.00518000513687,normal,nominal,2.1145793040803085,27.222326651942296,28.363370936299873,27.32755188246921,27.972912573446308,27.572155172163548,12.786018995248464,0.21446096245085364,2,0.0,23.986986440523424,24.791199000385333,49.58239800077067,25.208800999614667,False,8.000000070335256,12.000000019697062,0.9,False
18443700,11.980459223814623,normal,nominal,2.177005522712051,27.265403331138884,28.376015728081086,27.384841663470922,28.060095240773876,27.621666127383435,13.725865419699208,0.2144609609040047,2,0.0,23.993115988871864,25.70632464351383,51.41264928702767,24.29367535648617,False,8.000000070335256,12.000000019697062,0.9,False
18444600,11.952548257222357,normal,nominal,2.234775265716067,27.306156925620826,28.3853920332852,27.438464597159452,28.141385939634972,27.667701567163817,13.285496584765996,0.21446095937202453,2,0.0,23.995529072398483,25.238044841988355,50.47608968397671,24.761955158011645,False,8.000000070335256,12.000000019697062,0.9,False
18445500,11.964288970719526,normal,nominal,2.291974916248435,27.346602166417995,28.39862870539048,27.49013032080427,28.22040740916634,27.712131063214656,12.740700358016046,0.21446095785437608,2,0.0,23.991823517305704,24.70498932873557,49.40997865747114,25.29501067126443,False,8.000000070335256,12.000000019697062,0.9,False
18446400,11.985144207151553,normal,nominal,2.25324983485919,27.31029156737236,28.348106406842703,27.455825948074164,28.220879776589584,27.67789564055795,13.534085992699476,0.21446095631816392,2,0.0,23.959241600291364,25.51923019985103,51.03846039970206,24.48076980014897,False,8.000000070335256,12.000000019697062,0.9,False
18447300,12.015402755396062,normal,nominal,2.301815805608271,27.34141717348143,28.3605160380136,27.494093483900087,28.287160330862662,27.724076196175304,12.550133846575287,0.21446095480056018,2,0.0,23.96975675029512,24.56553660197135,49.1310732039427,25.43446339802865,False,8.000000070335256,12.000000019697062,0.9,False
18448200,12.045429600410868,normal,nominal,2.3644162822507298,27.381758770818294,28.382408224888763,27.54248309100103,28.359220116963286,27.791794925331544,13.314987099270455,0.2144609532686711,2,0.0,23.987856677545437,25.360416699681323,50.72083339936264,24.639583300318677,False,8.000000070335256,12.000000019697062,0.9,False
18449100,12.064890027122479,normal,nominal,2.430672239478014,27.424460041443126,28.40742475508108,27.5925649049762,28.427816482550213,27.870422773861435,12.710254489560453,0.214460951768047,2,0.0,23.987481566697966,24.775144516682932,49.550289033365864,25.224855483317068,False,8.000000070335256,12.000000019697062,0.9,False
18450000,12.085424418642324,normal,nominal,2.6918508851265557,27.621644449086318,28.574208182140808,27.812717781152458,28.64074238317778,28.11809074494886,14.032629620268096,0.21446095026586975,2,0.0,24.090152478373227,26.118054038910422,52.236108077820845,23.881945961089578,False,8.000000070335256,12.000000019697062,0.9,False
18450900,12.105111787049982,normal,nominal,2.7934289482877688,27.691905717170584,28.627046891559814,27.890453598451927,28.72519532741819,28.239114258550558,13.538958144980986,0.21446094881206693,2,0.0,24.07277714550031,25.644069932030966,51.28813986406193,24.355930067969034,False,8.000000070335256,12.000000019697062,0.9,False
18451800,12.120787990753506,normal,nominal,2.879647131961903,27.750288217850994,28.669300178404796,27.95303277429838,28.792720500952896,28.353246856340547,14.554666922367707,0.21446094739075874,2,0.0,24.053874830370944,26.675454913121214,53.35090982624243,23.324545086878786,False,8.000000070335256,12.000000019697062,0.9,False
18452700,12.137429568862899,normal,nominal,2.9628909982209137,27.806570284137763,28.70947984585439,28.012314010346074,28.85371407900942,28.469485773536007,15.367771576282944,0.2144609460644986,2,0.0,23.993279312073582,27.505201145145843,55.01040229029168,22.494798854854157,False,8.000000070335256,12.000000019697062,0.9,False
18453600,10.184556349179015,under_attack,adaptive,3.2598259838695043,28.18156504682713,28.90259653763343,28.13908059950694,29.057877519934948,28.75818423157557,16.30695495644211,0.21446094481711034,2,0.0,23.97849975496382,26.491511305621124,52.98302261124225,23.508488694378876,False,8.000000070335252,12.00000001969706,0.9,True
18454500,10.206705023160263,under_attack,adaptive,3.374464969230388,28.26237962022401,28.963042621632155,28.23129811899662,29.13431664264624,28.906822873422527,17.161140998188014,0.21446094358951145,2,0.0,23.99574604079544,27.367846021348278,54.73569204269656,22.632153978651722,False,10.300000034183968,12.000000015510752,0.3,True
18455400,10.233649226770295,under_attack,adaptive,3.4701733053110075,28.32955064177179,29.011956724710274,28.305604608966064,29.192330474949927,29.041250770845977,16.312417763585575,0.21446094238050803,2,0.0,24.00084215588913,26.546066990355868,53.09213398071173,23.453933009644132,False,10.300000034183968,12.000000015510752,0.3,True
18456300,10.273801194072195,under_attack,adaptive,3.557417505648303,28.3925496457112,29.055669403100694,28.371822416047394,29.24022936088113,29.169399196852794,15.773476757027431,0.21446094116980569,2,0.0,24.005852875954417,26.047277951099627,52.09455590219926,23.952722048900373,False,10.300000034183968,12.000000015510752,0.3,True
18457200,10.326423712063741,under_attack,adaptive,3.643577441215271,28.455146934030722,29.10023594504014,28.437836914380796,29.284617046063772,29.296472925345654,15.201267170506586,0.2144609399013694,2,0.0,24.032065898890835,25.527690882570326,51.05538176514065,24.472309117429674,False,10.300000034183968,12.000000015510752,0.3,True
18458100,10.379285440600038,under_attack,adaptive,3.7228394775908384,28.51349241914761,29.13995862553486,28.4984667618383,29.321053188045084,29.418386915797498,14.465622743075164,0.21446093854178122,2,0.0,24.046668933812327,24.8449081836752,49.6898163673504,25.1550918163248,False,10.300000034183968,12.000000015510752,0.3,True
18459000,10.430619661897383,under_attack,adaptive,3.8014479008624704,28.57197339472185,29.180514630279845,28.559329604207733,29.355165829947794,29.53880814429266,15.946748006143862,0.2144609372140913,2,0.0,24.03651723151586,26.377367668041245,52.75473533608249,23.622632331958755,False,10.300000034183968,12.000000015510752,0.3,True
18459900,10.480245171937261,under_attack,adaptive,3.873297854720107,28.627698212268456,29.216687736132144,28.615308426123534,29.383126907539804,29.65037013681649,17.398814244796863,0.21446093596885393,2,0.0,24.018478037763543,27.879059416734123,55.75811883346824,22.120940583265877,False,10.300000034183968,12.000000015510752,0.3,True
18460800,10.525177912370731,under_attack,adaptive,3.9428870705421133,28.683444303925512,29.252875079527826,28.67023716747724,29.411095079080837,29.75389665215704,16.55577449907176,0.21446093475608974,2,0.0,24.00434212329702,27.08095241144249,54.16190482288498,22.91904758855751,False,10.300000034183968,12.000000015510752,0.3,True
18461700,10.555903354416694,under_attack,adaptive,4.006782975909587,28.734624723485297,29.284310458850996,28.72045365788796,29.43687216095276,29.850870902461338,13.615092005248753,0.2144609334302565,2,0.0,24.054844965213704,24.170995359665447,48.341990719330894,25.829004640334553,False,10.300000034183968,12.000000015510752,0.3,True
18462600,10.571266069298417,under_attack,adaptive,4.070289721940625,28.786189850012136,29.31648637825043,28.770691949136108,29.465110734931727,29.9426799754321,16.863042097645906,0.21446093210229672,2,0.0,24.0135251734539,27.434308166944323,54.86861633388864,22.565691833055677,False,10.300000034183968,12.000000015510752,0.3,True
18463500,10.56990516289174,under_attack,adaptive,4.1272313952870405,28.834997079019445,29.343535786025768,28.816832525461223,29.48994325621294,30.023616934428787,14.281340127577716,0.21446093082319156,2,0.0,24.015618912743435,24.851245290469457,49.702490580938914,25.148754709530543,False,10.300000034183968,12.000000015510752,0.3,True
18464400,10.564932610071965,under_attack,adaptive,4.1057913268119535,28.825075410838167,29.31270299258756,28.80151370264298,29.452123804047005,30.031749397132103,15.169095263570064,0.2144609294487726,2,0.0,23.988172936977662,25.734027873642027,51.468055747284055,24.265972126357973,False,10.300000034183968,12.000000015510752,0.3,True
18465300,10.568160161430313,under_attack,adaptive,4.034280658065185,28.77470144580559,29.243743823773684,28.74652657726358,29.37260377077655,29.999547014641337,14.61764205259811,0.21446092810564246,2,0.0,23.91192641538936,25.185802214028424,50.37160442805685,24.814197785971576,False,10.300000034183968,12.000000015510752,0.3,True
18466200,10.565065468499814,under_attack,adaptive,3.9471977610553495,28.71268128760255,29.165364994017978,28.67978832767568,29.282522128152323,29.948434306772867,14.562931469513316,0.21446092670575226,2,0.0,23.88431229931922,25.12799693801313,50.25599387602626,24.87200306198687,False,10.300000034183968,12.000000015510752,0.3,True
18467100,10.543265087071672,under_attack,adaptive,3.8348538677058883,28.63532994789051,29.07056502126295,28.592607222906395,29.17877739109258,29.862135887671116,13.113727104171499,0.2144609252520817,2,0.0,23.859201592983823,23.65699219124317,47.31398438248634,26.34300780875683,False,10.300000034183968,12.000000015510752,0.3,True
18468000,12.37403674060653,normal,nominal,3.469571801337935,28.221033809287007,28.83422487710874,28.281159820403957,28.959628946754663,29.582239751797374,12.677580937385883,0.2144609237281809,2,0.0,23.83522029663044,25.05161767799241,50.10323535598482,24.94838232200759,False,10.300000034183968,12.000000015510752,0.6,False
18468900,12.287910531288606,normal,nominal,3.27536306522299,28.07611934927513,28.688102624671558,28.11009540611832,28.811026130602897,29.416108750224055,11.591551608432436,0.21446092211753814,2,0.0,23.835559462395793,23.879462139721042,47.758924279442084,26.120537860278958,False,8.000000070335256,12.000000019697062,0.6,False
18469800,12.20685325048216,normal,nominal,3.09147731342955,27.937676374348484,28.5474044112633,27.958010439157817,28.669277017748357,29.25354101120024,12.060415597622718,0.21446092044093418,2,0.0,23.76126832075272,24.267268848104877,48.53453769620975,25.732731151895123,False,8.000000070335256,12.000000019697062,0.6,False
18470700,12.13568203302281,normal,nominal,2.9006796974104527,27.79182538688525,28.40154747896503,27.80378805634632,28.52336448824792,29.082193379197292,12.079311492126262,0.21446091873191284,2,0.0,23.66100327719812,24.214993525149072,48.429987050298145,25.785006474850928,False,8.000000070335256,12.000000019697062,0.6,False
18471600,4.71629631832989e-11,normal,nominal,3.4732752559296927,28.275519394970104,28.91285772936294,28.29940370774972,28.92026975949352,29.485050432142486,0.0,0.21446091864950723,0,2.313090296573875,25.08596870665974,4.71629631832989e-11,9.43259263665978e-11,49.999999999952834,False,8.000000070335256,12.000000019697062,0.6,False
18472500,4.8596945365699644e-11,normal,nominal,3.492424016902035,28.305612969831202,28.928612569846848,28.333270880357304,28.926242905358947,29.47595674221384,0.0,0.21446091864950723,0,3.4407192979637102,25.32544596833668,4.8596945365699644e-11,9.719389073139929e-11,49.999999999951406,False,8.000000070335256,12.000000019697062,0.6,False
18473400,5.0108018899492685e-11,normal,nominal,3.4625126768164307,28.29451782309792,28.907401109030843,28.318945146990643,28.895971706264106,29.43321492188221,0.0,0.21446091864950723,0,3.662440616555443,25.372812949559886,5.0108018899492685e-11,1.0021603779898537e-10,49.99999999994989,False,8.000000070335256,12.000000019697062,0.6,False
18474300,4.955199460465251e-11,normal,nominal,3.431631351232099,28.282451549689142,28.884033465016728,28.30177938624496,28.86592901947739,29.392331984500174,0.0,0.21446091864950723,0,3.725880709177659,25.39159193476337,4.955199460465251e-11,9.910398920930501e-11,49.99999999995045,False,8.000000070335256,12.000000019697062,0.6,False
18475200,5.0337403843304325e-11,normal,nominal,3.400732366337408,28.269915345936965,28.860547557965162,28.28486975958765,28.834161201963013,29.35343559989684,0.0,0.21446091864950723,0,3.7384198018138477,25.401308380522096,5.0337403843304325e-11,1.0067480768660866e-10,49.999999999949665,False,8.000000070335256,12.000000019697062,0.6,False
18476100,5.1568641728703126e-11,normal,nominal,3.3697464489846425,28.256941120888712,28.836832881437147,28.2676466227648,28.801788844674377,29.315776326173534,0.0,0.21446091864950723,0,3.7215575409700814,25.405685380950672,5.1568641728703126e-11,1.0313728345740625e-10,49.99999999994843,False,8.000000070335256,12.000000019697062,0.6,False
18477000,5.319073043280935e-11,normal,nominal,3.339029305049564,28.24364807032333,28.81315861444915,28.250185536806498,28.769904188531825,29.279220810087452,0.0,0.21446091864950723,0,3.685803066919845,25.40640336364328,5.319073043280935e-11,1.0638146086561869e-10,49.99999999994681,False,8.000000070335256,12.000000019697062,0.6,False
18477900,5.421294391203536e-11,normal,nominal,3.3098793429409743,28.23124342343874,28.79045689095068,28.232931361973954,28.740385548727886,29.244500146672635,0.0,0.21446091864950723,0,3.641422674040541,25.40530330194275,5.421294391203536e-11,1.084258878240707e-10,49.999999999945786,False,8.000000070335256,12.000000019697062,0.6,False
18478800,5.5132209981209737e-11,normal,nominal,3.283476054211505,28.220247657683103,28.76964660195148,28.21721669241873,28.714475294586464,29.212317970206243,0.0,0.21446091864950723,0,3.597090877638777,25.403584381490532,5.5132209981209737e-11,1.1026441996241947e-10,49.99999999994487,False,8.000000070335256,12.000000019697062,0.6,False
18479700,5.605438674214836e-11,normal,nominal,3.260261853591061,28.210847987974034,28.751030980562405,28.203852822610997,28.692456970034584,29.182858653182222,0.0,0.21446091864950723,0,3.5583753469018684,25.402005420000364,5.605438674214836e-11,1.1210877348429672e-10,49.999999999943945,False,8.000000070335256,12.000000019697062,0.6,False
18480600,5.695602889839686e-11,normal,nominal,3.239171250261137,28.202561758614763,28.73394122817399,28.192226335934606,28.67249947545247,29.15545620286872,0.0,0.21446091864950723,0,3.5224729715124568,25.40039965421994,5.695602889839686e-11,1.1391205779679372e-10,49.99999999994304,False,8.000000070335256,12.000000019697062,0.6,False
18481500,5.783758353374521e-11,normal,nominal,3.2182996708442175,28.194354992341516,28.71712706435295,28.18086718750243,28.651935869078898,29.128913570101076,0.0,0.21446091864950723,0,3.481488946120806,25.39788408827218,5.783758353374521e-11,1.1567516706749043e-10,49.99999999994216,False,8.000000070335256,12.000000019697062,0.6,False
18482400,5.823280297654938e-11,normal,nominal,3.19671537176211,28.185814722483826,28.69980070373464,28.168692311812663,28.630116463782315,29.102437285235,0.0,0.21446091864950723,0,3.433230003254095,25.394311997043587,5.823280297654938e-11,1.1646560595309875e-10,49.999999999941764,False,8.000000070335256,12.000000019697062,0.6,False
18483300,5.724119708700557e-11,normal,nominal,3.1765584404145812,28.178756022624214,28.683193518894257,28.156502722222683,28.61053415379064,29.077247344126533,0.0,0.21446091864950723,0,3.383194264105725,25.390790988602305,5.724119708700557e-11,1.1448239417401114e-10,49.99999999994276,False,8.000000070335256,12.000000019697062,0.6,False
18484200,5.6119083293770315e-11,normal,nominal,3.157797315923716,28.172660711991853,28.667316189617907,28.145084248393516,28.592882357802296,29.053245755889293,0.0,0.21446091864950723,0,3.3328062008269517,25.387289526713744,5.6119083293770315e-11,1.1223816658754063e-10,49.99999999994388,False,8.000000070335256,12.000000019697062,0.6,False
18485100,5.5136158445599684e-11,normal,nominal,3.1394549502493163,28.166706895691334,28.651612592682625,28.133853783810025,28.57582272966829,29.029823799144992,0.0,0.21446091864950723,0,3.2859791565016967,25.38254800856089,5.5136158445599684e-11,1.1027231689119937e-10,49.99999999994486,False,8.000000070335256,12.000000019697062,0.6,False
18486000,5.4688232768225416e-11,normal,nominal,3.1206905332475117,28.160022809462703,28.635518676238462,28.12206929144952,28.558793750549,29.00635760529036,0.0,0.21446091864950723,0,3.237833848168748,25.37707240662337,5.4688232768225416e-11,1.0937646553645082e-10,49.99999999994531,False,8.000000070335256,12.000000019697062,0.6,False
18486900,5.4510734997841284e-11,normal,nominal,3.101690682208897,28.15271228118604,28.619040261719476,28.109696130007706,28.542459373234124,28.98285468268824,0.0,0.21446091864950723,0,3.185661444418827,25.371288544884976,5.4510734997841284e-11,1.0902146999568255e-10,49.99999999994549,False,8.000000070335256,12.000000019697062,0.6,False
18487800,5.455933029712588e-11,normal,nominal,3.0825002916690636,28.144953990972965,28.602362652398483,28.097241682697415,28.526026484189458,28.959416356417933,0.0,0.21446091864950723,0,3.1296875272066136,25.36513610829826,5.455933029712588e-11,1.0911866059425176e-10,49.99999999994544,False,8.000000070335256,12.000000019697062,0.6,False
18488700,5.421605178509598e-11,normal,nominal,3.06330876935273,28.13746844154548,28.58583526103871,28.084881180855746,28.50867836506376,28.936371828907227,0.0,0.21446091864950723,0,3.0712631219259947,25.359216438179487,5.421605178509598e-11,1.0843210357019196e-10,49.999999999945786,False,8.000000070335256,12.000000019697062,0.6,False
