,mod.conVAVSou.VDis_flow,mod.conVAVEas.VDis_flow,mod.conVAVNor.VDis_flow,mod.conVAVWes.VDis_flow,mod.conVAVCor.VDis_flow,mod.fanSup.VMachine_flow,mod.flo.temAirSou.T,mod.flo.temAirEas.T,mod.flo.temAirNor.T,mod.flo.temAirWes.T,mod.flo.temAirPer5.T,mod.TOut.y,mod.oveRelHumOutAir.y,total_power
0,2.694235945455147e-13,2.5585116247839317e-13,2.694235945455147e-13,1.989953485943058e-13,1.2780295340538332e-12,2.2717232341652773e-12,297.15,297.15,297.15,297.15,297.15,294.45,0.66,-3.5467519092178676e-25
0,0.00010563332591421827,0.00010031196145683553,0.00010563332591421841,7.802041446642761e-05,0.0005010790184372621,0.0008906777260718178,296.87031159878546,296.8899672039354,296.8700587462631,296.84467542844146,297.0503389626705,294.22499999999997,0.7012810202205882,-5.45206663225153e-08
0,0.00010080884055879455,9.573051346367157e-05,0.0001008088405587939,7.445706602729937e-05,0.00047819373706010486,0.0008499985287903966,296.9317261823255,297.0064077851266,297.0000707645965,297.00059832245626,297.1118559341462,294.0,0.7659650735294118,-4.9654237776491026e-08
0,0.00010104811057449297,9.59577300581329e-05,0.00010104811057448533,7.463379004526227e-05,0.00047932873099867994,0.0008520158467706586,297.02648016520493,296.97603551020524,297.0291299461179,297.0434443354488,297.1475600768213,293.775,0.8301665900735294,-4.9890208190679947e-08
0,0.00010556415733219443,0.00010024627729697988,0.00010556415733222815,7.796932678720812e-05,0.0005007509124658617,0.0008900941095483648,297.05101654889773,297.0470655118695,296.9640334343986,297.05889581720265,297.1653859567618,293.54999999999995,0.87,-5.4449240404806724e-08
0,0.00010216950397676474,9.702263235855909e-05,0.00010216950397682776,7.546204738972056e-05,0.0004846481384911766,0.0008614710300425703,297.0565380589811,297.0169527780543,296.9792164180463,297.0649114406199,297.16970818759944,293.325,0.8881775841346153,-5.100365815438886e-08
0,0.00010670112249990556,0.0001013259669237682,0.00010670112250004467,7.880908538513085e-05,0.0005061441857081493,0.0008996805580647432,296.9762330879896,297.02318648694876,297.03780353757656,297.055552923311,297.1684056625902,293.09999999999997,0.9037860576923078,-5.562840945749659e-08
0,0.0001002756186081896,9.522415300113355e-05,0.00010027561860813745,7.406323011203222e-05,0.0004756643617011234,0.0008455019965440484,297.0187775176848,297.04327961467754,297.0249758247627,296.9710827899503,297.1639382775165,292.875,0.9175015024038462,-4.91302808179694e-08
0,0.00010604696863304096,0.00010070476658819526,0.00010604696863301585,7.832592956861993e-05,0.0005030411614042162,0.000894164712528617,297.024762624262,297.0338979666984,296.92696279465144,297.02582796157026,297.15769686743545,292.65,0.93,-5.494839672053518e-08
0,0.00010542501274062293,0.00010011414222827892,0.0001054250127406111,7.78665550664419e-05,0.0005000908704294654,0.0008889203826280853,297.01123399677255,297.0180270386402,296.9035188665381,297.01682156386676,297.14577283405794,292.43640625,0.9429086538461539,-5.4305735573319936e-08
0,0.0001043706239383356,9.911286911698924e-05,0.00010437062393833563,7.708778709099162e-05,0.0004950893039112988,0.0008800299050890601,296.99977535111816,297.00692432898285,296.8905462460606,297.00623015777006,297.1368224549833,292.23875,0.9556410256410257,-5.322489736501221e-08
0,0.00010320954876231752,9.801028404453182e-05,0.00010320954876231766,7.623022092355735e-05,0.0004895816631691833,0.0008702399082577317,296.9904209378153,296.998629767944,296.88139213092103,296.99785394061,297.13036099259733,292.04671874999997,0.9655528846153847,-5.204727098585515e-08
0,0.00010207532147810449,9.693319437959188e-05,0.00010207532147810449,7.539248451746033e-05,0.0004842013772666031,0.0008606763179944176,296.98241905625065,296.99188448506516,296.87446385521474,296.99086464508855,297.1253299844135,291.84999999999997,0.97,-5.090959921530532e-08
0,0.00010095923556249926,9.587333219708925e-05,0.00010095923556248668,7.456814726440265e-05,0.00047890714620608114,0.0008512657184073985,296.97520510669654,296.9860393179802,296.86918717942024,296.9846753347018,297.12120022325104,291.63062499999995,0.9615992647058823,-4.980239858952213e-08
0,9.995148161293548e-05,9.491634466998096e-05,9.995148161293548e-05,7.38238236322074e-05,0.00047412679535084455,0.000842768571950181,296.966443866035,296.97876057064116,296.86378133028484,296.97698918194925,297.11692902961016,291.3925,0.9409313725490196,-4.881312760262169e-08
0,9.910756288721011e-05,9.411493903444895e-05,9.910756288721028e-05,7.320050813790472e-05,0.0004701236082593815,0.0008356528644657718,296.95546025402865,296.96932872162176,296.8581000014354,296.9666198202065,297.1117830548501,291.158125,0.9172977941176471,-4.7992324336791994e-08
0,9.846177924722228e-05,9.350168726902463e-05,9.846177924719564e-05,7.272353454257145e-05,0.00046706028870893446,0.0008302077994653,296.9434106710293,296.95860128826666,296.8532574935701,296.94220895785463,297.1050382155487,290.95,0.9,-4.7368931635333195e-08
0,0.00010147944438703513,9.636733508026328e-05,0.00010147944438708285,7.495237172917173e-05,0.0004813747928975732,0.0008556521318559533,296.9290645727657,296.94292024040357,296.89288839973256,296.8756717179506,297.0972437586632,290.8344866071428,0.889389705882353,-5.031696585643626e-08
0,0.00010045170909749512,9.53913727892243e-05,0.00010045170909738621,7.419328994718003e-05,0.00047649965916752446,0.0008469865028855026,296.8397230783363,296.93253077141924,296.9093823704477,296.9177512873522,297.09120280538275,290.82946428571427,0.8802352941176471,-4.93029551382002e-08
0,9.922942296398305e-05,9.423066031104454e-05,9.922942296398233e-05,7.329051357525467e-05,0.00047070165999766467,0.0008366804627475454,296.89626703477524,296.85457846313324,296.89720258081996,296.9225703647735,297.0855047635125,290.88470982142854,0.8734632352941176,-4.811042876617587e-08
0,0.00010070519765236533,9.563209165270364e-05,0.00010070519765237935,7.438051572987473e-05,0.00047770209973467895,0.00084912389843645,296.9022299214084,296.91589623923915,296.8146308602707,296.9202525201111,297.0824492216612,290.95,0.87,-4.955210404735952e-08
0,9.836103320426092e-05,9.340601638958735e-05,9.83610332041589e-05,7.264912385842753e-05,0.000466582392856242,0.0008293584351193882,296.9030028307387,296.89268593099723,296.83849072971907,296.9215438376912,297.0808703545007,291.0066964285714,0.8734301470588236,-4.727205733292758e-08
0,9.88155292218131e-05,9.38376168017774e-05,9.881552922185859e-05,7.298481306804536e-05,0.00046873832628384956,0.0008331906712577251,296.86344500127666,296.9108034562158,296.9025192136364,296.9253030715076,297.0853388320612,291.08928571428567,0.8831470588235294,-4.770992886967037e-08
0,9.844133632679333e-05,9.348227417731e-05,9.844133632680786e-05,7.270843547124128e-05,0.00046696331629612155,0.0008300355930844346,296.90144369096663,296.96147315394074,296.920660430154,296.89000097862254,297.09363503192446,291.22723214285713,0.8937904411764706,-4.734928261185236e-08
0,9.864252766807447e-05,9.367333034160026e-05,9.864252766807321e-05,7.285703471013418e-05,0.00046791768139750985,0.0008317320385097251,296.93639202886993,297.027869509294,296.89700214892997,296.94865879062235,297.10931245279227,291.45,0.9,-4.754302745858718e-08
0,0.00010055674678743157,9.549111912046566e-05,0.00010055674678743155,7.427087042702917e-05,0.0004769979127459079,0.0008478723213412935,296.95901026501554,297.14116697538327,296.90570019300776,296.97439068560254,297.12583211067135,291.7740808823529,0.9007720588235294,-4.940613577997974e-08
0,0.0001020051239618893,9.686653312018305e-05,0.00010200512396188927,7.534063687125538e-05,0.00048386839047273453,0.000860084695268736,296.98191400732514,297.2716713454029,296.93593991162606,297.0118649333798,297.1440813394189,292.1808823529411,0.8973529411764706,-5.0839633484090085e-08
0,0.00010360742391933984,9.838811591787553e-05,0.00010360742391934,7.652409015834761e-05,0.0004914690116116868,0.0008735948829014062,297.01051691949954,297.3657178972907,296.97712250748185,297.0649240492891,297.1719238324841,292.6472426470588,0.8877573529411765,-5.24493529120261e-08
0,0.00010083599932218503,9.575630408232606e-05,0.00010083599932219293,7.447712539736392e-05,0.000478322566540566,0.0008502267676654964,297.05361122549317,297.4468962901825,297.03256908098143,297.1252485675688,297.20551175786863,293.15,0.87,-4.968090734954131e-08
0,0.05166184170769999,0.05157440917609676,0.0516618417158931,0.04122288142694395,0.23789350855177913,0.4340670935647699,296.9137159183789,297.23793945394385,296.92947852955547,296.89459899302875,296.9802723223753,293.70275735294115,0.840419921875,1492.1713820921377
0,0.051064039916153325,0.051006720553791594,0.051064039934924164,0.04078134772048398,0.23505777363201286,0.42902549436873366,296.88759371331514,297.2484003097204,296.9190015843428,296.88829318444283,296.9354983068933,294.2941176470588,0.801953125,1567.298010250255
0,0.050925217316719194,0.05087489355186147,0.050925217355411875,0.04067881679234765,0.23439924943059576,0.42785422019440283,296.94315064453497,297.29445946923346,296.95452836894526,296.9164382597092,296.9505801897512,294.863419117647,0.7625097656250001,3704.675940583454
0,0.05089002222185084,0.05084146789560262,0.050890022285131634,0.04065281760099171,0.23423230732336556,0.42755803855580643,296.98334573636765,297.3716391715688,296.9798361072871,296.9337829408561,296.96783669214915,295.34999999999997,0.73,8052.753909201465
0,0.05088194785605227,0.050833799110920584,0.050881947885219624,0.04064685340475516,0.23419399189257367,0.4274901125574107,297.15864956197134,297.54149004819357,297.1443759402877,297.0890074911358,297.1243719895816,295.775,0.7036286272321429,3557.214243189925
0,0.05088162564102361,0.05083349379641202,0.050881625667026364,0.0406466161891478,0.23419246204526495,0.4274872907324133,297.4729649406635,297.8345011203113,297.46000312017253,297.3929045419415,297.4405307822637,296.2,0.6785825892857144,1479.5269739432474
0,0.05088508190418127,0.05083677717237345,0.05088508191272484,0.04064916679347827,0.23420891958058418,0.4275161084593976,297.80687909309717,298.1603870078218,297.78166496024807,297.70654578663056,297.7395228870425,296.625,0.6567452566964286,1479.6514845375634
0,0.050888451424074395,0.050839979056093686,0.050888451432528244,0.04065165800271937,0.23422489850673742,0.42754416505636395,298.1178164923249,298.5120678621689,298.0634600579294,297.99146401061614,298.01530028659795,297.04999999999995,0.64,7254.22849474009
0,0.05089021567698462,0.05084165550378842,0.050890215684500126,0.04065296230447371,0.23423326565823216,0.42755886043248476,298.3180915071268,298.7476635721967,298.2201718566601,298.1483078424417,298.1662194493317,297.47499999999997,0.6270535714285714,3856.6323760666296
0,0.050891884886229095,0.05084324631220297,0.05089188489198173,0.04065419636915659,0.234241185871835,0.42757277434780316,298.45718891783383,298.89512934252866,298.3070618922584,298.2315529091228,298.24332885299674,297.9,0.6157142857142857,1676.0411159473417
0,0.050892359906687175,0.0508437006752193,0.05089235991093772,0.04065454761352849,0.2342434411351498,0.42757673723009637,298.59776550568824,299.0237114599341,298.3948131950258,298.31980654123157,298.3197726979544,298.325,0.6065178571428572,1521.074920982156
0,0.050892002910333356,0.05084337549253414,0.05089199807209673,0.040654280092441826,0.23424173694154887,0.42757376172557016,298.7393431822158,299.13597861054353,298.48621043277615,298.4169366351089,298.39852015128355,298.75,0.6,4102.763457616566
0,0.05087555395499459,0.07231146965413003,0.05087554029154603,0.040642122960045594,0.23416366268267563,0.4489260838207324,298.85752885652903,299.1568967854931,298.55903909851173,298.49463663010505,298.45120805394276,299.12471590909087,0.595,7433.332824957803
0,0.05085290685394083,0.10959055506765294,0.050852890303659255,0.040625383049807645,0.234056249008361,0.4860501647877955,298.9613653498867,299.0965690659066,298.6187631978926,298.55602912503434,298.48752507142837,299.41590909090905,0.59,1767.4888359533884
0,0.05080996539236357,0.12139329892319219,0.05080993594270163,0.04059363619628531,0.28906737634363383,0.5527782330418785,299.05246006232085,299.09447772911096,298.67183842503226,298.60967769844024,298.49942697536505,299.6491477272727,0.585,2666.2672674270793
0,0.05135903775181568,0.12353776118106145,0.05070182571212988,0.040513735322668505,0.43244781869745574,0.6987637464110069,299.0982165560141,299.0653380733619,298.6938213879098,298.6248426157126,298.44721346270427,299.84999999999997,0.58,7634.334880058574
0,0.0898211847745508,0.14123792164830903,0.0505675640767274,0.04041448166220379,0.5819734790028669,0.9044445348593622,299.01725729631426,298.96413570153453,298.68953004214444,298.6084421513059,298.35632185657266,300.0250710227273,0.5750000000000001,7804.506260075244
0,0.11887469908674748,0.12640528673660562,0.05055873348591036,0.04040788466004268,0.7190106077432602,1.0559341849192123,298.9741789271303,298.94430383536144,298.684285325586,298.5932804920798,298.28407396955095,300.1653409090909,0.5700000000000001,9255.238729802659
0,0.127008541027051,0.123703389995743,0.05040406221085191,0.040293537462861455,0.8362885068315516,1.1786341309753998,298.9833491775454,298.9012362583858,298.6847064787884,298.5844661394044,298.2251766028967,300.2729403409091,0.5650000000000001,5599.464909981103
0,0.16069456571679194,0.14297069707521243,0.05114476460058258,0.040839986521545156,1.553686335217128,1.9535400051483058,298.8106788040097,298.67555304969466,298.5661971462674,298.4254725797855,297.86931823920946,300.34999999999997,0.56,10857.939510132084
0,0.09078955808829722,0.05635883523250719,0.051969844535252226,0.04144986209704976,1.2022251206709778,1.4445035549471403,298.9042883999448,298.79583833984196,298.4665157135849,298.34659917512977,297.8909789732466,300.3787642045454,0.557890625,8158.051503063512
0,0.05066849653938782,0.05063072850931872,0.050668472578419256,0.040488743439003584,1.160806648386558,1.354676361168262,299.0362095614372,298.83015134085673,298.5049858145317,298.39653815811283,297.93416622415845,300.3642045454545,0.5593750000000001,7910.234273218805
0,0.05057539914983785,0.05054238002178824,0.05057533688228362,0.04042003367844653,1.0469684663740173,1.2401690534711316,299.16063805432634,298.9274465709827,298.61326718478057,298.5314059140034,298.08069434485185,300.34254261363634,0.561171875,11264.74877064692
0,0.06579723263396324,0.05051241261984074,0.05054379707016999,0.040396755132076724,1.0035163546806103,1.2117824127382177,299.2159996517714,298.99053749350105,298.6927086182272,298.6361018426086,298.1655755608983,300.34999999999997,0.56,10973.57321688578
0,0.07977938495206337,0.05046881360071108,0.05049786381071546,0.04036285391536688,0.9502039187176746,1.1722339094481038,299.40978124835226,299.196505468437,298.93454281279224,298.902000794636,298.39590709473435,300.4518770292208,0.554046875,7245.91404497437
0,0.15342696068550757,0.05128878718619735,0.05044420705556092,0.04032321245675637,0.8931026102303763,1.1895472480005378,299.33507026328266,299.26226631106226,299.01512352653754,299.00447472423485,298.46937035512906,300.63758116883116,0.545375,5300.208576631998
0,0.27787855334707956,0.12005229394709062,0.05224945021877599,0.041656084092826444,1.2926128841578641,1.7876767114653311,299.08407812621766,299.0301556258045,298.9774787884347,298.96568370321006,298.2752921326647,300.82949472402595,0.5365156249999999,8901.565100050266
0,0.27777255266158024,0.15817889997552356,0.052149742910313865,0.04158219775663551,1.481652699446131,2.01595901592322,298.93068618695634,298.7710705035414,298.7857089345745,298.810966681625,298.0143184212976,300.95,0.53,13622.585621663971
0,0.1939257877708513,0.0826290795911454,0.05086413049473087,0.040633003553981924,1.3446479116360208,1.7155543345180546,299.0775376044488,298.9289704599276,298.78933422408636,298.8734931784741,298.0666706819,300.81127232142853,0.527,13653.302328532223
0,0.1562026463776442,0.05084289565700667,0.05089209209910413,0.04065365989135468,1.3659841028919086,1.6671945204235474,299.2616606673452,299.1209860758676,298.9307164888871,299.07130383106715,298.2262124795,300.4294642857143,0.5256666666666667,9545.15025806233
0,0.18518638077871033,0.10016906431600427,0.05109949094143931,0.04080663702062881,1.521832659472445,1.9029819682958231,299.2036577723419,298.99187433953176,298.92598163952687,299.1119265420728,298.16563664500234,300.03292410714283,0.524,13729.76545707769
0,0.19849694600143022,0.12493385247337241,0.05141397698984297,0.07215707345615797,1.7313972823921997,2.184273061017909,299.03708889097595,298.7734092491037,298.7787487400147,298.9446360418012,297.9031712120182,299.84999999999997,0.52,12062.908983999332
0,0.15603771531885618,0.05102889587728511,0.05108811851011575,0.06482797486894129,1.513236359603831,1.8397349182807998,299.1396330265433,298.9713477993646,298.8096621087585,299.0848803252852,298.02081374587476,300.03524305555555,0.5133203125,9413.56415844107
0,0.11927679429644801,0.051120003889584126,0.05118406140914033,0.04086927480701269,1.5793756301318502,1.8453730403330466,299.33262999365854,299.1130026186171,298.9631241898183,299.3623879501825,298.2057999317155,300.4356481481481,0.5055208333333334,13155.956602454025
0,0.17934067066017845,0.05107412113115399,0.05113580289019979,0.08359366629691951,1.5473299052853364,1.9164469413548155,299.23582369040855,299.1265595483188,298.99019855997403,299.3751504752314,298.20983750527074,300.81822916666664,0.49746093750000003,9633.991906777053
0,0.22401320253914403,0.0511446387747243,0.051210260995211664,0.16499540018137177,1.5999189477858788,2.096478431376975,299.1305394265521,299.10951268889465,298.98721736994577,299.27323144154366,298.16389992483073,300.95,0.49,12713.877102813894
0,0.16715135412835994,0.05107812455708887,0.05114011494357331,0.16756994153798893,1.551245214517049,1.9926497027770989,299.2008332698175,299.09041763138305,298.9677560877996,299.3241018191369,298.1593136595603,300.8585007440476,0.48338281250000004,13249.546376417462
0,0.17390302445401773,0.11472270526042726,0.051207770744120154,0.18691950305064522,1.59868149074934,2.1308897126952644,299.1231719937649,298.8880130633876,298.92832779185613,299.27422095265104,298.0629107314199,300.72729828042327,0.4775625,14120.284240749752
0,0.2302407490326415,0.13372365489579344,0.06943985640774929,0.23568246518823757,1.7721332432337895,2.449497173287046,298.8001933144593,298.6062653297273,298.6725136087463,298.9878584320259,297.718570006533,300.5574466765873,0.47296093749999996,14679.996826596871
0,0.16667501619987712,0.0592101451808203,0.051360142855470796,0.21519197719948888,1.6982808243669352,2.1966986007941505,298.91312240419774,298.7853028013137,298.7183842431634,299.0903551748206,297.775310053281,300.34999999999997,0.47000000000000003,12379.417546450142
0,0.050891990295100276,0.05084169409681115,0.050890843763916435,0.14185612828159153,1.3650867051271616,1.662166033321649,299.3321973130237,299.0417854710366,298.93387486472807,299.5322123645851,298.19353699903223,300.0948102678571,0.4738421052631579,5572.18600300752
0,0.07490817314038518,0.051532921858756055,0.05161912804565717,0.17191314326482754,1.724411151938615,2.0794577117071342,299.3109637091984,299.062198497784,298.979714283791,299.53296270474135,298.16998172301163,299.8037202380952,0.4855789473684211,6934.194676640018
0,0.21483862940977763,0.05312809733313838,0.053299181988500935,0.28342847142709615,1.709058192057182,2.3207974936235307,298.7982160804032,298.76544817939845,298.6925551997109,299.08087218190036,297.8105246963462,299.5107700892857,0.4995263157894737,13800.079096798425
0,0.15271378105386826,0.051358094554141136,0.051435219525296554,0.25176163813730684,1.7454566840859573,2.259227165074958,298.7640308071424,298.6363214050602,298.5692863029527,299.0085238401,297.6770007578183,299.25,0.51,8938.692874109536
0,0.09438404170221547,0.05094278697209897,0.050992391484890716,0.2074006200466031,1.4443292504076055,1.8516341021004221,298.85809953452696,298.65665700644513,298.57661292324127,299.09809586591956,297.7957139440552,299.1612132352941,0.5122236842105263,5992.376188778704
0,0.1179468156067411,0.05206376656035095,0.052178101026423444,0.22451556295863406,1.6112165153541178,2.062871653625846,298.71983801137077,298.54920631987,298.4828969355083,298.955728301416,297.66373314392445,299.246568627451,0.5090877192982456,9093.121327741397
0,0.051673384706499806,0.05091103829372686,0.05096397001960686,0.19667251376864167,1.4223113719016425,1.7756907811656308,298.76194701070955,298.49892097806446,298.4251889330885,298.92670993401396,297.6650222918768,299.3336397058823,0.5064078947368421,6041.913271089059
0,0.050602543139160426,0.050568119835888416,0.05060254307905515,0.09744411642037804,1.0951603558606655,1.3457629819344272,298.7783023672205,298.5316478192696,298.4370209276722,299.1062382966906,297.80001409292674,299.25,0.51,4402.6330689279985
0,0.004754505325169296,0.004514993671086906,0.004754505325169288,0.003511667144084688,0.02255337787651931,0.04008927108203464,299.30564201506525,299.1509631542512,298.94174393077185,299.8039748801825,298.7280620296327,298.7676707779886,0.531671875,1465.5705498807336
0,0.010772751608853432,0.010230065510917086,0.010772751608853432,0.007956717628027122,0.051101295579066744,0.09083447750367135,299.34794998620674,299.1851993726922,298.9936621769461,299.82184358390526,298.78755799355196,297.9569259962049,0.5699583333333333,1494.0091253941869
0,0.015944735489905684,0.015141506509051121,0.015944735489905684,0.011776727284817564,0.0756349602682379,0.13444514340745173,299.3099751780367,299.13994711257465,298.9515494738078,299.7671953804046,298.76282756282285,297.09271821631876,0.610765625,1536.2182540367876
0,0.01625055298458905,0.015431918199433903,0.01625055298458905,0.012002603044004148,0.0770856267954028,0.13702395023449973,299.2805633807428,299.1248561844668,298.91758673233517,299.72956803134446,298.7490282718262,296.45,0.64,1539.219001912629
0,9.787234235012191e-05,9.294194373363147e-05,9.787234235012193e-05,7.228817845949113e-05,0.00046426425384712435,0.000825245341174486,299.33171911575846,299.2015509682787,298.99420940099117,299.7804519299667,298.8295306190987,296.20675403225806,0.6498199728260871,-4.680434091832772e-08
0,9.76629541998762e-05,9.274310368125988e-05,9.76629541998762e-05,7.213352508542434e-05,0.0004632710066129823,0.0008234791983109417,299.33038148380746,299.20184990211504,298.99679383442805,299.7651802602027,298.83829064900164,296.2,0.6491032608695652,-4.6604219346957624e-08
0,9.746190221102263e-05,9.255217984939004e-05,9.746190221102263e-05,7.19850287717478e-05,0.0004623173025394078,0.0008217834061339977,299.3235005900707,299.1949333422811,298.9894546208842,299.74428052480425,298.8387672985492,296.1932459677419,0.6488349184782609,-4.641247267908546e-08
0,9.710035438903274e-05,9.220884529213397e-05,9.710035438903292e-05,7.171799078277087e-05,0.0004606022753338091,0.0008187343958253841,299.31255951509354,299.18650108230014,298.9798489465566,299.7222505151032,298.83733380492896,295.95,0.66,-4.606870914007922e-08
0,9.705983258133578e-05,9.217036480336123e-05,9.705983258133578e-05,7.16880615137254e-05,0.0004604100573244789,0.0008183922794905309,299.290174374322,299.1774247490742,298.9643756519906,299.6969376581804,298.8327771111939,295.12036542338706,0.692532269021739,-4.603021664462059e-08
0,9.7882598177775e-05,9.295168291564345e-05,9.788259817773632e-05,7.22957533788254e-05,0.0004643129030778315,0.0008253292853196314,299.2551116563076,299.1633586848958,298.9377398256589,299.66540910357577,298.8231012053279,293.8529637096774,0.7387092391304348,-4.681386329917208e-08
0,9.651513365426691e-05,9.165310552649642e-05,9.651513365414884e-05,7.128574874276722e-05,0.0004578262401305376,0.0008137986814506178,299.2273174792363,299.13680245332415,298.9029080989161,299.6288030264917,298.8122861092687,292.659080141129,0.7830315896739132,-4.5514935880953636e-08
0,9.578092449933616e-05,9.095588275313848e-05,9.578092449933861e-05,7.074346436355233e-05,0.00045434346800853824,0.0008076076455200577,299.2098760882286,299.1110703118196,298.8674941398428,299.5872064559786,298.8016215165076,292.04999999999995,0.81,-4.482505333182832e-08
0,9.569669489352948e-05,9.087589628199742e-05,9.569669489347742e-05,7.068125266378772e-05,0.00045394391902304484,0.000806897161087543,299.186809219315,299.0911128232178,298.83956838704745,299.5676036863641,298.7933193932584,291.99515625,0.8198604910714287,-4.474621927422426e-08
0,9.483361001062954e-05,9.005628999992175e-05,9.483361001052314e-05,7.004378111106918e-05,0.0004498498159333372,0.0007996195448316862,299.18135088261175,299.0723965407571,298.8181936874659,299.5451491359429,298.78865961088184,292.04999999999995,0.825669642857143,-4.394270356964663e-08
0,8.915347531538358e-06,8.466229669642477e-06,8.915347531538358e-06,6.5848452986108165e-06,4.229057024823828e-05,7.517256026876236e-05,299.1717737181576,299.0629403936903,298.7978845989111,299.5238277235456,298.7850492125576,292.10484375,0.8311439732142857,-3.8836372271334547e-10
0,5.657878959141161e-10,5.37285871825811e-10,5.657878959141161e-10,4.178890114200752e-10,2.6838541821409093e-09,4.7706187918603065e-09,299.15695233948196,299.0499720333569,298.7780162954901,299.5020449188398,298.77996351678615,292.04999999999995,0.84,-1.5641175920393242e-18
0,7.91629247433327e-06,7.51750282113828e-06,7.91629247433327e-06,5.846946638663107e-06,3.755148319312053e-05,6.674871284583159e-05,299.1401497922136,299.03419957067695,298.7636345847073,299.47887990051015,298.77252208739276,291.8980915178571,0.8545982142857144,-3.062004060471802e-10
0,9.504818162482866e-05,9.026005239515728e-05,9.504818162484623e-05,7.020226297401041e-05,0.00045086765128922484,0.0008014286013288465,299.1215448711684,299.0100731351664,298.75079512856695,299.45478902882195,298.7631378923374,291.7411607142857,0.8721428571428571,-4.414176012930214e-08
0,9.727136777931504e-05,9.237124374420386e-05,9.727136777932162e-05,7.184430068993725e-05,0.00046141348922871953,0.0008201738743051615,299.06774706514517,298.9980061507399,298.7349073296846,299.42796963148356,298.7482541412724,291.58864955357143,0.8886160714285714,-4.6230845267143834e-08
0,9.710079762526132e-05,9.220926619997905e-05,9.710079762526609e-05,7.171831815554188e-05,0.00046060437785567203,0.0008187354306946978,299.04872427980604,298.978402054973,298.71897421680893,299.3794807197689,298.7345300885087,291.45,0.9,-4.606882560061584e-08
0,9.716341262142222e-05,9.226872691492901e-05,9.716341262142222e-05,7.176456537827812e-05,0.00046090139643897735,0.0008192631799817269,299.0336863816895,298.9614194897874,298.70489611013943,299.3529514305293,298.7254790378199,291.3233516483516,0.898828125,-4.612823581996865e-08
0,9.720838659969076e-05,9.231143529257015e-05,9.720838659969076e-05,7.179778300533233e-05,0.0004611147336286472,0.0008196422004659326,299.01798892464126,298.94606951880485,298.6924386270468,299.3300589029918,298.71843432330047,291.1991758241758,0.886875,-4.617092684029186e-08
0,9.719045480926978e-05,9.22944068306336e-05,9.719045480926978e-05,7.178453864604834e-05,0.00046102967293529864,0.0008194908279422774,299.0007974025082,298.9309850345877,298.6801685055798,299.3088179172308,298.7117654562362,291.07541208791207,0.873984375,-4.615387460861831e-08
0,9.710069170276324e-05,9.220916561341549e-05,9.710069170276802e-05,7.17182399215444e-05,0.0004606038754049377,0.0008187338043676259,298.98086597443313,298.9160224708572,298.6679467874783,299.2895809296077,298.70525909165065,290.95,0.87,-4.60686425795787e-08
0,9.704359077144302e-05,9.215494118781422e-05,9.704359077144386e-05,7.16760653682998e-05,0.00046033301317115096,0.0008182521977706753,298.95782933889956,298.9010809196907,298.6557347343487,299.27271157692235,298.6987532671091,290.80865384615385,0.876328125,-4.6014460288572537e-08
0,9.715514222321794e-05,9.22608731447408e-05,9.71551422232168e-05,7.175845689035384e-05,0.0004608621652306563,0.0008191926471400474,298.93325804947074,298.8858425482275,298.6432930657185,299.25751134618133,298.69196173715153,290.65,0.885625,-4.61202935235752e-08
0,9.738396215182081e-05,9.24781660838768e-05,9.738396215182082e-05,7.192746250968195e-05,0.00046194758845510944,0.0008211218887309884,298.90913281816984,298.8703081166482,298.6306901366585,299.2429089097335,298.68491637561317,290.4913461538461,0.894609375,-4.633778073304337e-08
0,9.754652627555619e-05,9.263254090804571e-05,9.754652627555592e-05,7.204753181736887e-05,0.0004627187226672465,0.0008224924807014725,298.8872118891166,298.85477467240753,298.61822001675586,299.2271684697366,298.6779394830704,290.34999999999997,0.9,-4.649260109704818e-08
0,9.779876896956522e-05,9.287207667178673e-05,9.779876896956518e-05,7.223383741138889e-05,0.00046391525340627445,0.0008246192308812787,298.8652360386174,298.8399146567636,298.60654648021085,299.20743660896784,298.67072548071053,290.3675066312997,0.9028125,-4.6733347332582e-08
0,9.815944043177771e-05,9.321457901659863e-05,9.815944043177771e-05,7.250022812402115e-05,0.0004656261235384008,0.000827660233146319,298.84047387597974,298.82728503469184,298.5971890636187,299.1834220326223,298.6628699461681,290.57360742705566,0.905,-4.707866613037258e-08
0,9.840162921818946e-05,9.344456734648936e-05,9.840162921818946e-05,7.267910793615837e-05,0.00046677496286842685,0.0008297022161938716,298.8180485601984,298.81682762800483,298.58998280764655,299.15692206587374,298.6554771492405,290.8179045092838,0.9046875,-4.73112553591644e-08
0,9.856320708548544e-05,9.359800559769452e-05,9.856320708548359e-05,7.27984487981954e-05,0.0004675414187046002,0.0008310645092055192,298.8001961892238,298.807019561113,298.5832300706752,299.13175808859705,298.6489216779382,290.95,0.9,-4.746674416751071e-08
0,9.86116895291702e-05,9.364404569895382e-05,9.861168952917017e-05,7.283425776585297e-05,0.0004677713985437018,0.0008314732110305992,298.78393227322505,298.7957133440836,298.5746446051521,299.11142724659715,298.6429688849994,290.85734632683653,0.8925000000000001,-4.7513442143350055e-08
0,9.854058415636412e-05,9.35765223169665e-05,9.854058415636412e-05,7.278173957986283e-05,0.0004674341052690374,0.0008308735813799494,298.7655422567537,298.7816588680793,298.563078988272,299.09571606223926,298.63692512453184,290.62706146926536,0.885,-4.744493675997351e-08
0,9.844976670468144e-05,9.34902798680611e-05,9.844976670468147e-05,7.271466211960308e-05,0.00046700330637908244,0.0008301077529471798,298.7474404179786,298.7660495795178,298.5500245225833,299.08600270777606,298.6312102658237,290.40824587706146,0.8775000000000001,-4.73575156714476e-08
0,9.846458600190157e-05,9.35043526311665e-05,9.846458600190157e-05,7.272560760201837e-05,0.00046707360274474813,0.0008302326393633311,298.73512247647085,298.75148160791923,298.53840149048017,299.08317410423564,298.62695848348835,290.34999999999997,0.87,-4.737176624381316e-08
0,9.846620177298894e-05,9.350588700648087e-05,9.846620177299141e-05,7.272680100503816e-05,0.00046708126726713556,0.0008302461934010389,298.73421092882114,298.74038062427684,298.53054721011677,299.0846540085373,298.6241875235551,290.52785326086956,0.8625,-4.7373313000509206e-08
0,9.558016916487223e-05,9.076524063137118e-05,9.55801691648664e-05,7.05951871578243e-05,0.00045339117113560215,0.0008059117474777031,298.79750315822946,298.71629199054814,298.5302592345311,299.07948751045427,298.63358174991066,290.8442028985507,0.855,-4.463699442815013e-08
0,1.5542639106333636e-05,1.4759666056885793e-05,1.5542639106333636e-05,1.147974026646673e-05,7.372758814439605e-05,0.0001310522364321171,298.80953220834294,298.737112044312,298.53317037533725,299.0770462028802,298.64187712600364,291.1884510869565,0.8475,-1.1803446744013668e-09
0,-1.4979956128218692e-10,-1.4225328690107059e-10,-1.4979956128218692e-10,-1.1064144536749936e-10,-7.105846235549348e-10,-1.2630781182221112e-09,298.81070694199303,298.76777102492264,298.5482021673127,299.0745438788877,298.648210327784,291.45,0.84,-1.096428698253491e-19
0,0.0,0.0,0.0,0.0,0.0,1.1854141263317176e-33,298.8140533603799,298.81624866616824,298.5679402711684,299.0746027789936,298.6573978156677,291.476902173913,0.8429296875,1.0273802539879295e-44
0,2.6942367137083975e-13,2.5585123543358017e-13,2.6942367137083975e-13,1.9899540533722905e-13,1.2780298984800987e-12,2.2717232342175613e-12,298.8197266110459,298.8827514843408,298.59175740636425,299.07758707165624,298.67052824635255,291.3384057971014,0.8578125,-3.5467519093811263e-25
0,-2.6942367137083975e-13,-2.5585123543358017e-13,-2.6942367137083975e-13,-1.9899540533722905e-13,-1.2780298984800987e-12,-2.2717232342171724e-12,298.8282601115507,298.95976296720687,298.6170113396838,299.08374099530766,298.68693713993855,291.2557065217391,0.8712890625,-3.5467519093799113e-25
0,2.6942367137083975e-13,2.5585123543358017e-13,2.6942367137083975e-13,1.9899540533722905e-13,1.2780298984800987e-12,2.2717232342175613e-12,298.8426290927093,299.0502212510269,298.64700902352075,299.0953349454861,298.7082201818146,291.45,0.87,-3.5467519093811263e-25
0,2.6942367137083975e-13,2.5585123543358017e-13,2.6942367137083975e-13,1.9899540533722905e-13,1.2780298984800987e-12,2.271723227098907e-12,298.865031660506,299.1598764548187,298.6806254928116,299.1137047659604,298.7347036508936,292.0983559782608,0.8547265625,-3.546751887152978e-25
0,5.388473427416795e-13,5.117024708671603e-13,5.388473427416795e-13,3.979908106744581e-13,2.5560597969601975e-12,4.543446468382838e-12,298.89889173051455,299.293045066663,298.72059689282133,299.14188288043306,298.76971908354665,293.0557608695652,0.8357291666666667,-1.4187007637197986e-24
0,2.6942367137083975e-13,2.5585123543358017e-13,2.6942367137083975e-13,1.9899540533722905e-13,1.2780298984800987e-12,2.2717232273072723e-12,298.94123087958457,299.42901880815316,298.76120652248636,299.17671646635256,298.8094652226554,294.06028532608696,0.8138671875,-3.5467518878036023e-25
0,2.7211790808454812e-11,2.5840974778791598e-11,2.7211790808454812e-11,2.0098535939060133e-11,1.2908101974648998e-10,2.29444046654409e-10,298.98799689983343,299.56979598438244,298.80425333397864,299.2151630257673,298.8521118825361,294.84999999999997,0.79,-3.61804162271034e-21
0,0.051409756098372804,0.0951822247749398,0.051409756097911326,0.0410366126672888,0.4492257551743457,0.6884592792483983,298.7243688889337,299.22121122247745,298.5343499437295,298.89226456279215,298.4204865405386,295.4156696428571,0.765046875,2016.4479580887064
0,0.05081598859869937,0.21923495253809075,0.05081592986107244,0.07356228477673407,0.7214104902572465,1.1166379019992914,298.53625376490425,298.8142427709486,298.365109088531,298.57739579691315,298.0451095658698,295.9467857142857,0.7397083333333333,4553.514961848784
0,0.05058063720841444,0.19740443986506265,0.05058063719898294,0.0695151050615754,0.7187966160559519,1.087615451736686,298.5263324063003,298.90929684218787,298.3540870609023,298.56823912331885,298.03248949656205,296.4795089285714,0.714515625,7434.682418704811
0,0.050807426974283705,0.1596002244999925,0.05080742697395079,0.04059150528776473,0.8751761962272351,1.1779166310659601,298.5044840246155,299.0000264669516,298.3348021134835,298.59336554699274,297.95745664215707,297.04999999999995,0.6900000000000001,4770.147511579574
0,0.05103847950318498,0.10389105537056181,0.05103847950318166,0.04076238843188604,0.4480412064881582,0.6949718373387549,298.8073224353062,299.49585417600474,298.6175884554955,298.9138882485567,298.4477031059584,297.73049107142856,0.6663046875,4017.933155454139
0,0.051044802737698174,0.05098845985269532,0.05104480273732026,0.040767142140398165,0.23496665895954105,0.42886302858266456,299.2156946907658,300.0638537198783,298.99444175621716,299.3137106243899,298.9869547958619,298.4965476190476,0.6433125,1700.2979132080623
0,0.05066950631230894,0.1518417110261096,0.050669506310950074,0.0404898528164826,0.4243322373595485,0.7182229649281718,299.50046673483564,300.0681635649255,299.3073111227621,299.50971264121563,299.10188425114717,299.2393303571428,0.6211640625,8102.113814884681
0,0.10203024388115253,0.37970213097674366,0.052309366853572285,0.11244797861272816,1.0366626930500884,1.6858611767717602,299.44780025860933,299.65761954447646,299.3929136821671,299.29191135724545,298.8563447373056,299.84999999999997,0.6,11748.799487860748
0,0.2308619369066518,0.4287546034497203,0.12023047652716987,0.19112237100417895,1.3160678037640456,2.29383855924509,298.9092561136991,299.23928384022116,298.914490090988,298.78829575296334,298.33044011327524,300.15828124999996,0.58078125,16067.745367247764
0,0.275578711618062,0.36058080427582717,0.20699023445125242,0.1765587777384082,1.3302800009314595,2.3573678133048213,298.723087399763,299.2272645669235,298.57626309156916,298.6872581627241,298.15315246786116,300.2054166666666,0.564375,16570.691080143602
0,0.18942329195055907,0.3320597274933252,0.13574912121720606,0.13194536820266453,1.2671392767653005,2.061255959924655,299.0015069888719,299.34359393146894,298.81136933589096,298.8687299164892,298.26887260147345,300.19984374999996,0.55078125,14545.058820870352
0,0.15112106287171978,0.3597801549156024,0.08095968886610422,0.10048682924637503,1.3631649940536852,2.0604455013851655,299.1890180260798,299.361107225031,299.0192837996632,299.0130344344609,298.32204112937467,300.34999999999997,0.54,13693.558375210876
0,0.16061315187451025,0.28728140864336527,0.05766509945928886,0.05572995446906255,1.2178854243711827,1.782372128025682,299.4022804231002,299.71533813388044,299.2833422226359,299.3346100781928,298.6175993746184,300.75953124999995,0.5312109375,7813.613713523746
0,0.10731004913333726,0.24635480947044613,0.05073446464149356,0.04053735753813738,1.0809041753581667,1.52785975621931,299.78351560852593,300.0295894222098,299.5450085591497,299.6200473651792,298.9533868195745,301.28625,0.5234375,11728.84687001692
0,0.18447166232724901,0.37786287320632694,0.06025818587549535,0.11926868752726849,1.456657456554505,2.204555768554048,299.5582596496693,299.59820666247293,299.41854004149764,299.2756184885051,298.61738015749114,301.76984374999995,0.5164453125,15922.660479782251
0,0.3741053204409061,0.437572846831456,0.2142328209817048,0.21979527480090846,1.6501049787316477,2.9096426346615796,298.8334016955455,298.9696254509461,298.64953748598606,298.5833646475797,297.9690503181634,302.04999999999995,0.51,22316.407616152337
0,0.34277525005930604,0.3467850567475442,0.2230838481444053,0.16135735068642676,1.4036550476464895,2.4863055082811725,298.9349586293097,299.12606181487985,298.640148751497,298.75629516382753,298.0850311676312,302.10220170454545,0.502890625,19434.90076352885
0,0.2405089525611139,0.25767126714273564,0.1345759584454018,0.11985913971576097,1.2412450274894193,1.9983598439538532,299.3092643721166,299.42190525210424,298.98786221346586,299.0171406526861,298.33566442986887,302.0642045454545,0.49562500000000004,16203.908160382922
0,0.27712221896442435,0.3376954287581308,0.1424169297740412,0.14891433527411724,1.4515050888931689,2.365103832522827,299.1902479154125,299.0937055776813,298.8980822258726,298.8356946026133,298.1280354458564,302.01910511363633,0.490546875,18551.967570931938
0,0.31706543876892873,0.3244708594221751,0.1638476994259358,0.12251686187092231,2.22262053856755,3.168355395487497,298.88058432738796,298.779200106581,298.57715818787784,298.5831105554092,297.5594451550832,302.04999999999995,0.49,21097.497236598698
0,0.15137091018669593,0.15700092370682772,0.05445022354386364,0.04328166591543544,1.279749715997514,1.6885733144628339,299.73040892664653,299.7041982987444,299.30857173675696,299.3570661778728,298.5316819808937,302.18245738636364,0.4925,13367.599968755085
0,0.11090865114407182,0.12489630483867394,0.05106606989252812,0.04078226806521862,1.2339813558801767,1.5637969377882837,300.0593097896881,299.98542089442486,299.55427838331224,299.6081647461762,298.8297056845959,302.34829545454545,0.495,7965.070949883731
0,0.29108544244219686,0.2764217772203771,0.21200297991068942,0.1859477779639371,1.3807840141165095,2.353569245431773,299.60058142405745,299.43695932601145,298.98688905742074,299.04047760439477,298.4645210066391,302.4899857954545,0.4975,20181.058237537727
0,0.4394444367114713,0.33248171245118713,0.22537103671069714,0.194445423394186,1.6351480212438065,2.8397487799763215,298.8216815870684,298.7312843692435,298.5284140691379,298.55264429902087,297.7519734276696,302.54999999999995,0.5,24430.870445959485
0,0.3415760172518842,0.2347095200205244,0.06499954235673959,0.09552070140462299,1.2665959366546362,2.00796417524181,299.3673510318654,299.3274168389414,299.2939561084793,299.25834668697206,298.3605872176381,302.54999999999995,0.5025000000000001,17451.298777183638
0,0.24833118349537633,0.19880739429890762,0.0630203047514508,0.09682926363668196,1.1779762172240547,1.7881914441279276,299.7334135592579,299.5734246023268,299.4787571532174,299.4762778107025,298.60132704626454,302.54999999999995,0.505,16601.88135870231
0,0.33031135351600094,0.3136716512131741,0.23155289313597127,0.20323835295947884,1.518777855556975,2.6075063610077316,299.540082002341,299.1844836566734,298.936698332832,299.10179367999126,298.30935025513776,302.54999999999995,0.5075000000000001,22262.797956185572
0,0.4000600978616159,0.26916419209656134,0.17493168664139702,0.16795901804223515,1.4619815709726782,2.4827100804410427,299.2358110845746,299.11302398762086,298.97679272071576,299.1407182079685,298.17013035541703,302.54999999999995,0.51,19870.74934842576
0,0.2634652350034629,0.12670968040970976,0.05075117253681843,0.08307477728782899,1.249765641716985,1.7769358715384334,299.8005842430454,299.80256953571944,299.60309945716,299.774378607732,298.69123330156964,302.54999999999995,0.51046875,15529.240071019816
0,0.30481110377436416,0.2071529513492438,0.16892743747732358,0.1810497913092303,1.4432734051204936,2.3121779374862057,299.69502870662035,299.51361581660217,299.2656453342378,299.5149705779892,298.509826837725,302.54999999999995,0.50875,22299.288297804484
0,0.45679073984725543,0.34467779405987026,0.2989351379237654,0.2885973020851629,1.6543684350878212,3.0594395515580373,299.0045004457932,298.7317079309629,298.58594744886227,298.8931558624709,297.91097045244874,302.54999999999995,0.50765625,27894.738183230966
0,0.3840291640297657,0.23164231530885004,0.1364125365144114,0.2009294113017701,1.4723166590634043,2.433444212133865,299.1057539381584,299.0076984032749,298.99293614150633,299.1962525122493,298.0370745423288,302.54999999999995,0.51,21231.378658646314
0,0.209082842107693,0.12677814662750161,0.05109118567938777,0.14366791461754028,1.1832171424238889,1.7166959834319,299.85652162995973,299.70526891290405,299.60514191247194,299.83990121854623,298.67284260938635,302.54999999999995,0.515,16081.286705800207
0,0.30285281091738625,0.227735427507662,0.17984616406371678,0.24162865159143476,1.3703267458760482,2.329510681108788,299.64029843589424,299.3756219226486,299.24617772321665,299.6313618690353,298.5188415098384,302.54999999999995,0.52,22407.99419647615
0,0.43557867826757174,0.29841617597386316,0.25004599665074617,0.3094502468901983,1.5303244296268181,2.836641841914525,299.02508201735725,298.84784498354907,298.7819597549804,299.177564023175,298.0469341289402,302.54999999999995,0.525,24740.636447321922
0,0.30881059149900797,0.1564077833689515,0.09359004665755784,0.23473014909377712,1.3137709996295344,2.112626643710311,299.5006457752787,299.48991971707903,299.4126645797462,299.6949634363207,298.48984798761245,302.54999999999995,0.53,18767.954968367805
0,0.20000001203254267,0.11821859914603672,0.07593554162699853,0.19508782477800962,1.1475806479996842,1.739798616641426,299.9534915634402,299.8429597392359,299.7020807094489,300.07768313502174,298.8739179259218,302.52088068181814,0.535,17535.526824854678
0,0.3039724407277621,0.28865958251646046,0.2844460733477791,0.22451300862391366,1.441914385575016,2.552857031008301,299.57880120923056,299.18117713941865,298.9872353838844,299.9069980360082,298.5090389369709,302.43068181818177,0.54,25567.811400752333
0,0.4302159216024341,0.3024316459760991,0.27114256575156925,0.3647487386753704,1.5143741543940163,2.896566231131715,298.90104661161246,298.7277054041667,298.69418869567636,299.193893491761,298.00694548585375,302.2751420454545,0.545,28035.049086329014
0,0.29411584725972795,0.14170725655897415,0.06735208842612768,0.3257099028252936,1.384680553096557,2.2197309936866487,299.2466567646329,299.27345281868065,299.323483003329,299.39555425835374,298.2305869956509,302.04999999999995,0.55,20907.8435680867
0,0.20767586703981983,0.1326062289702485,0.09085785372768077,0.2243056338297818,1.1076589617002601,1.7662179019551072,299.63552120209266,299.5145214932939,299.4565110987788,299.8741758668613,298.61397867602494,301.6982954545454,0.5628605769230769,16978.688520243544
0,0.33889715720307273,0.26114978949921225,0.2547370530050709,0.33274213657210433,1.2149419452489238,2.410354911335979,299.2136161173307,298.97011060522703,298.87156947646815,299.586636461426,298.36660228387433,301.23181818181814,0.5859615384615385,22120.299261951084
0,0.3493813404595089,0.2195984001779757,0.1809417725214963,0.3726665891916045,1.4029605060843495,2.534716947740534,298.9217488313538,298.8352092003296,298.84180963845796,299.1636882851153,298.0163464558869,300.7494318181818,0.6110817307692308,20041.886185001997
0,0.1682987679197111,0.07544775573813722,0.05121455220110209,0.24875491786590143,1.0711053791596303,1.6172153614231668,299.61060486585245,299.5765298977982,299.4612200576111,299.78544193981134,298.60452656203563,300.34999999999997,0.63,12990.698234141415
0,0.19252666027030013,0.15237813122444052,0.1556381283872755,0.23249626899010287,0.9274015783897454,1.6630416553644,299.5910441599878,299.40578590755604,299.22955793633776,299.9291099940268,298.7040138914417,300.06093749999997,0.6375745192307692,12697.433716583137
0,0.3971980244439357,0.30960175315923244,0.2834636919805334,0.35442940708529697,1.4073468638728677,2.7639053006594194,298.82082940717726,298.55005728769265,298.5566236806269,299.2604978460577,298.0108537494519,299.8125,0.6387884615384616,21575.2028149826
0,0.3048723925871071,0.1771418176158456,0.11307796335780605,0.38744259894976674,1.3975741075499024,2.3877805144897297,298.78557892460213,298.7255415207589,298.7830676359378,298.89427455145614,297.87238064650126,299.55781249999995,0.6406081730769231,17479.653029680645
0,0.1773977846649686,0.09455771250418271,0.056977988101181286,0.2848685658568186,0.9463623453331282,1.5623243671039115,299.2366529447301,299.1777908190994,299.1041339578738,299.3418351889477,298.34367697881953,299.25,0.65,10399.083014843965
0,0.0057178599397428925,0.005429816470816238,0.005717856125819803,0.00422319281558288,0.02712306703323138,0.04821206459805438,300.2028956485725,300.12482377791787,299.79716507548676,300.69246247721156,299.5671136262031,298.85726102941175,0.6696562500000001,1468.6554693223395
0,0.011584790166338656,0.011001196965908492,0.011584790164024226,0.008556486530391465,0.05495325679838606,0.09768171272699983,300.2908887642207,300.2157905561183,299.897559365797,300.7641497806035,299.6764481412615,298.4110294117647,0.6944166666666667,1499.6730280253767
0,0.016075815228960087,0.015265982999950165,0.016075815228960084,0.011873542333294573,0.07625674611483431,0.13555044823958587,300.2241170352753,300.1415790518741,299.82275412713017,300.6863791770513,299.616928493787,297.9592830882353,0.7194687500000001,1537.4955230304365
0,0.016253803706348494,0.0154350051634485,0.016253803706348484,0.012005004016015505,0.07710104681985376,0.1370513111692475,300.2006058135763,300.122635047688,299.79890135765254,300.6536326591382,299.60564218391517,297.54999999999995,0.74,8768.093105050482
0,0.00010149911564418102,9.638601538183248e-05,0.00010149911564418102,7.496690085253637e-05,0.0004814681048719173,0.0008558254148782483,300.3067189137998,300.26726475632233,299.938280108049,300.76098423803364,299.74443724138456,297.1922794117647,0.7561830357142857,-5.033734787493822e-08
0,0.00010273318215535025,9.755791479172235e-05,0.00010273318215535025,7.58783781713396e-05,0.0004873219850820805,0.0008662301612865434,300.30688864836156,300.2762485849364,299.9538994109654,300.75626495589137,299.7629244333738,296.8764705882353,0.7706547619047619,-5.156874641593847e-08
0,0.0001043367563199989,9.908070760738843e-05,0.00010433675631999178,7.706277258351775e-05,0.0004949286505113467,0.000879750548765194,300.2913104673159,300.26851167940174,299.9471210774245,300.73679362849555,299.7638631356364,296.6224264705882,0.7822991071428571,-5.319111135019323e-08
0,0.0001053344208937088,0.00010002811401913251,0.0001053344208937086,7.779964423710442e-05,0.0004996611417114572,0.0008881620154916314,300.27400348108205,300.2576963372625,299.9370037108625,300.71489471396114,299.7616931440116,296.45,0.79,-5.4213115090298276e-08
0,0.00010622379950269373,0.00010087268945944068,0.00010622379950269376,7.845653624623163e-05,0.0005038799709166582,0.0008956604609181432,300.25796303022287,300.2465511199041,299.9272335838982,300.69305601396593,299.75881281705426,296.401171875,0.791841517857143,-5.513238456334176e-08
0,0.00010710859681075607,0.00010171291438557369,0.0001071085968107561,7.911004452211288e-05,0.0005080770684027286,0.0009031203053252742,300.2442435425833,300.23608401333627,299.9192367657674,300.6722354798791,299.7560911079526,296.4447916666667,0.7895535714285714,-5.605459063245122e-08
0,0.0001079666438253363,0.00010252773658595222,0.0001079666438253363,7.974379512240726e-05,0.0005121472740136739,0.0009103546218589416,300.23146257287846,300.2260271214436,299.91249855752267,300.65222334637934,299.7534339743587,296.491015625,0.7874888392857143,-5.6956222045411814e-08
0,0.00010879936063167776,0.0001033185046078738,0.00010879936063167776,8.035883691723515e-05,0.000516097324022481,0.0009173753834698493,300.21728763837893,300.2154295265633,299.90490274522494,300.63215845451026,299.7500862784321,296.45,0.79,-5.783811574513221e-08
0,0.00010916995846334081,0.00010367043327322723,0.00010916995846334126,8.063255921250978e-05,0.0005178552805775495,0.0009204996737292105,300.2010191022823,300.20363282143455,299.8955312579799,300.6114521043769,299.74571713128006,296.334765625,0.7971484375,-5.823274323051463e-08
0,0.00010823788639274669,0.00010278531508905728,0.00010823788639274615,7.994413395815888e-05,0.0005134339319718448,0.0009126401630101312,300.185759758845,300.19174769855636,299.8854207330728,300.59118308439264,299.74188698010687,296.215625,0.8053125,-5.724257023585459e-08
0,0.0001071704897561396,0.00010177168942364083,0.0001071704897561396,7.915575844060951e-05,0.0005083706618880473,0.0009036397008515356,300.1715055050429,300.1799658621621,299.87501438066414,300.57143124769,299.73841071734677,296.088671875,0.8133203125,-5.611908453316994e-08
0,0.00010622585428044184,0.00010087464072609337,0.00010622585428044184,7.84580538980726e-05,0.0005038897178976248,0.0008956744063770171,300.1573789304336,300.16798022467,299.86414302262574,300.55185514755954,299.73475850643763,295.95,0.8200000000000001,-5.513410140230154e-08
0,0.0001057953779687496,0.0001004658500077019,0.0001057953779687496,7.814010556154592e-05,0.0005018477236135633,0.0008920444492082314,300.1429221838577,300.1553977601473,299.852548603817,300.532023922343,299.7302728419564,295.8015625,0.825234375,-5.468811594957872e-08
0,0.00010561206329355194,0.00010029176995792829,0.00010561206329355192,7.800470996727753e-05,0.0005009781577192946,0.0008904985422601836,300.1287283555174,300.14223098321037,299.8402148619873,300.51194051898034,299.7250900879268,295.65,0.8300000000000001,-5.449873192840699e-08
0,0.00010567609671905268,0.00010035257764769083,0.00010567609671905268,7.805200483709286e-05,0.0005012819047207204,0.0008910382468573377,300.11446232080675,300.1286774363563,299.82735164976054,300.4917585221753,299.7193977503992,295.49843749999997,0.8347656250000001,-5.4564812057684954e-08
0,0.00010533521498870889,0.00010002886811095473,0.00010533521498870889,7.780023075296478e-05,0.0004996649085562469,0.0008881638165345158,300.09957279849823,300.115148199062,299.81428228789133,300.4718627581933,299.7138396943594,295.34999999999997,0.84,-5.421333496064281e-08
0,0.00010531930169765171,0.00010001375646483963,0.00010531930169765171,7.77884772504308e-05,0.0004995894227548293,0.0008880294733357708,300.08426113084425,300.10283724852985,299.8025773531502,300.4532707451507,299.70922585053023,295.20993303571424,0.846796875,-5.4196935639094956e-08
0,0.00010497244756188162,9.968437538744395e-05,0.00010497244756188162,7.753229196801194e-05,0.0004979440960703915,0.0008851047264296283,300.0695233905718,300.0912777047116,299.7915310231742,300.435585795022,299.7055728918211,295.0806547619047,0.855,-5.384052564939746e-08
0,0.00010408346798432338,9.884017887703261e-05,0.00010408346798432336,7.687569468213644e-05,0.0004937271596984804,0.0008776089244738538,300.05561398554113,300.0801108552304,299.78043837580793,300.4186482151573,299.7028601220833,294.96104910714286,0.8632031250000001,-5.293245457269351e-08
0,0.00010310384232802076,9.790990265755875e-05,0.00010310384232802204,7.615214651144094e-05,0.0004890802373558163,0.0008693488475545086,300.0425112051598,300.0693282631814,299.7693723863532,300.402357137197,299.70067202740654,294.84999999999997,0.87,-5.194074051302717e-08
0,0.00010161519538652954,9.649624751302394e-05,0.00010161519538652928,7.50526369545763e-05,0.0004820187371922849,0.0008567968484655317,300.03192038210636,300.0595628614051,299.7589772657573,300.38728012703854,299.69970303478226,294.79800420168067,0.8740078124999999,-5.045168694929501e-08
0,9.98849041253027e-05,9.485312107729039e-05,9.988490412531424e-05,7.377464972677793e-05,0.0004738109804140587,0.0008422073966992317,300.02618504597234,300.0516719714762,299.750180698637,300.3731119603714,299.70063021362165,294.81848739495797,0.8750625,-4.8748142741929975e-08
0,9.878626376132868e-05,9.38098256125936e-05,9.878626376132651e-05,7.296319769868395e-05,0.00046859950353932443,0.0008329439178822203,300.0233331777432,300.04388641657357,299.7423435120678,300.34674232931457,299.700075967405,294.8547268907563,0.8735859375,-4.768167401001792e-08
0,9.856365882385425e-05,9.359843457936936e-05,9.856365882385468e-05,7.279878245062022e-05,0.00046754356155697215,0.0008310669897350044,300.02017330524586,300.035351858964,299.7343697904416,300.3238394379047,299.69827557370553,294.84999999999997,0.87,-4.7467027521769956e-08
0,9.875941947116777e-05,9.378433362531801e-05,9.87594194711646e-05,7.294337059746927e-05,0.00046847216578441706,0.0008327176265211733,300.0104246020051,300.02573471060384,299.72551316681125,300.30261781887083,299.6953007243386,294.7314338235294,0.8644038461538461,-4.7655769540368556e-08
0,9.902121668514437e-05,9.403294259233671e-05,9.902121668514463e-05,7.31367331273722e-05,0.0004697140190525524,0.000834925062397604,299.9893916291661,300.01345708948713,299.7188617479301,300.2779121092351,299.68915667721416,294.52794117647056,0.8570769230769232,-4.790876403578792e-08
0,9.922739287726144e-05,9.422873249157127e-05,9.92273928772559e-05,7.328901416011034e-05,0.0004706920301401992,0.0008366635079559163,299.9622936844631,299.99951142138445,299.71041621458915,300.2534884373879,299.68147792841216,294.33547794117646,0.8487115384615385,-4.810847893212e-08
0,9.953296581149635e-05,9.451891194146403e-05,9.953296581141794e-05,7.351470928779033e-05,0.00047214153657795934,0.0008392400396567539,299.93708894088314,299.9858224259597,299.7012272606434,300.2350490471054,299.67427231294226,294.25,0.84,-4.8405238330585517e-08
0,0.00010023208027497453,9.51828079468654e-05,0.00010023208027497453,7.403107284756196e-05,0.00047545783459373964,0.0008451348192316438,299.92087174783023,299.9747410573993,299.69318711959994,300.2314512551818,299.6699825511401,294.33029891304346,0.8286217948717949,-4.908761833457464e-08
0,0.00010146630102797029,9.635485382851931e-05,0.00010146630102797073,7.494266408885308e-05,0.00048131244646070534,0.0008555414794159476,299.91541744344585,299.96770281408146,299.6882126345204,300.24424839434045,299.66988715481426,294.5141304347826,0.8141452991452991,-5.0303952775926394e-08
0,0.00010231121337436325,9.715720303027703e-05,0.00010231121337436163,7.55667134679931e-05,0.00048532034686082226,0.0008626655546215902,299.91665021408164,299.96291879952486,299.6854032871943,300.24225400673055,299.6709455084335,294.7158967391304,0.8000961538461538,-5.11452006110939e-08
0,0.0001031037773165236,9.790984092110588e-05,0.0001031037773165141,7.615209849419183e-05,0.0004890799289694725,0.0008693482275565273,299.91543765932516,299.957569800331,299.6825275222316,300.23307692590424,299.67054875116645,294.84999999999997,0.79,-5.194066642736438e-08
0,0.00010434310018180952,9.908673189201885e-05,0.00010434310018180954,7.706745813823686e-05,0.0004949587430605027,0.0008797978561278883,299.9056392165659,299.9505007508843,299.67841062779996,300.2222075009381,299.6680550101064,294.8721547314578,0.79390625,-5.3196832060129455e-08
0,0.00010552925593349404,0.00010021313408578812,0.00010552925593349183,7.794354873339048e-05,0.0005005853552552771,0.0008897991693189723,299.8914215367558,299.9417531071631,299.67265176641234,300.2098089990389,299.6639746455093,294.83734015345266,0.8115277777777777,-5.441316194839381e-08
0,0.00010629956893440632,0.00010094464194456889,0.00010629956893440045,7.851249929020854e-05,0.0005042393884784917,0.0008962941717200211,299.87662383123165,299.9338960233858,299.6672555772162,300.1973428461127,299.65978402494875,294.8088554987212,0.8308854166666667,-5.521042830664487e-08
0,0.00010622322514865326,0.00010087214403895462,0.00010622322514865764,7.845611203029821e-05,0.0005038772464283996,0.0008956503506882918,299.86716655437806,299.9369718338719,299.66836062653147,300.1881812863889,299.6588330043462,294.84999999999997,0.84,-5.513113989985924e-08
0,0.00010425218998590822,9.900040137095192e-05,0.0001042521899859052,7.70003121774138e-05,0.0004945275042319106,0.0008790309419846362,299.8697366702037,299.95800447126265,299.6800492206634,300.1859216847464,299.66542693647045,294.98945886948525,0.8390056818181819,-5.310412980771547e-08
0,0.00010116338896770182,9.606720120894165e-05,0.00010116338896770583,7.47189342736253e-05,0.0004798755620635162,0.0008529868464009014,299.8859765018454,299.99627192880166,299.70175080507755,300.19044583472737,299.6802441733868,295.21649816176466,0.8356818181818182,-5.00039877128062e-08
0,9.929619147200677e-05,9.429406530131689e-05,9.929619147200602e-05,7.333982856768535e-05,0.00047101838105291933,0.0008372430937637365,299.9111300753558,300.0469048399418,299.7297292541313,300.18463881491795,299.6972830740125,295.53528837316173,0.8295170454545455,-4.817515483973865e-08
0,9.89757536312296e-05,9.39897697766299e-05,9.897575363122937e-05,7.310315427071234e-05,0.00046949836189858233,0.0008345412911341932,299.9391294703544,300.1029879268895,299.76101525621885,300.18880291471294,299.7152965123792,295.95,0.8200000000000001,-4.786473186526444e-08
0,9.929617541177078e-05,9.429405005012739e-05,9.929617541177073e-05,7.333981670565465e-05,0.00047101830487008374,0.0008372430692218278,299.96587929011633,300.1657544147852,299.7994403406529,300.2019872266308,299.7349541123041,296.47314453125,0.8057954545454545,-4.817515201544488e-08
0,9.996666984107902e-05,9.493076777881473e-05,9.996666984107902e-05,7.383504160574478e-05,0.00047419884176597073,0.0008428965693495031,299.99633583899475,300.2486013129486,299.8413925063695,300.2241573969764,299.7595905943146,297.06432291666664,0.7884848484848485,-4.882795593878648e-08
0,0.00010080708164942892,9.572884316077803e-05,0.0001008070816494287,7.445576690282735e-05,0.0004781853935512749,0.0008499827577375681,300.03367107263125,300.34375099607354,299.88478341083777,300.2540263027007,299.7899613974363,297.64833984374997,0.7719318181818181,-4.9652395203084815e-08
0,0.00010154024182685067,9.642506979969867e-05,0.00010154024182685091,7.499727651087672e-05,0.000481663189775909,0.000856164605937336,300.0762670792387,300.4488960751336,299.9288812524369,300.2871799243638,299.82406197154165,298.15,0.76,-5.037725639254725e-08
0,0.13579929119514614,0.12895829177333043,0.13579929119514614,0.10030089360147922,0.6441733699817225,1.1458901929115741,299.5069995682917,299.8191848369011,299.2846085938011,299.662409258749,299.1086327303093,298.58320312499995,0.7538750000000001,7348.731463613944
0,0.3368364750604387,0.319868064468195,0.3368364750604387,0.2487862723641516,1.5978072150659557,2.8531557356869426,298.5708750599941,298.8113724719868,298.34796779128516,298.6604066248383,298.0388919798015,299.0114583333333,0.7503333333333333,24810.87014559507
0,0.3387485809141202,0.3975593215030204,0.2658259449658895,0.3149385863372108,1.6805756408292443,3.012988047517619,298.1401200749434,298.2263375117049,298.09122935894146,298.0277743823101,297.51790604832206,299.43398437499997,0.746625,27439.9669940918
0,0.26914523561591563,0.32971935139155234,0.2028257754027009,0.26469426933696005,1.7856009779616684,2.8651849657737842,298.2191941357959,298.3534101381557,298.1666024316706,298.0700681507233,297.43150782997185,299.84999999999997,0.74,23103.00764283601
0,0.13802092184421466,0.22198854011863242,0.051613136673257266,0.15048187831969212,0.8957585427374428,1.4596237784902528,299.0414273415078,299.25653971609523,299.0578585276587,298.95392296472096,298.412685710088,300.26874999999995,0.7302500000000001,13854.296459985144
0,0.051334117460911745,0.051263171226213836,0.051334110194232556,0.040980802035241785,0.3368008881557573,0.5318108794020207,299.9222040935223,300.44483215113104,299.70957719535596,299.9808836924459,299.48431164937756,300.6875,0.7196666666666667,9642.035707728794
0,0.05080019835153328,0.07646367130732817,0.05080019837487949,0.04058638652209128,0.44698089105053157,0.6658122730311283,300.31447870665386,300.746690213051,300.12810430098966,300.32332765263027,299.8103450743077,301.0875,0.7092499999999999,7863.230970702819
0,0.2504098668943266,0.23779526677701557,0.2088000965820265,0.18495187415990103,1.187836596305876,2.0748141805273903,299.8671397533255,300.3124858705487,299.66122868169384,299.8492235899669,299.38366823148425,301.45,0.7000000000000001,20234.91769942934
0,0.4358996942803983,0.47470089432607787,0.3660536257062842,0.32514218773504705,1.543633629136071,3.163167912207804,298.86117770593677,299.0796371205521,298.7303403099329,298.7745843580009,298.3592227796582,301.7587775735294,0.6921875000000001,36359.214343035
0,0.4348437507821741,0.498682033856238,0.3581644527706333,0.3248980415458229,1.75160128559211,3.3899955668802937,298.56980727166314,298.657333623779,298.4473670094522,298.42396912460123,297.91623476297747,302.02757352941177,0.685,38580.707835153305
0,0.3143572855139014,0.3604660748961339,0.23274711380963817,0.24815614326919294,1.5626847495595309,2.729844509301897,298.77745816110365,298.85447146854494,298.68226257776803,298.54616145736134,297.94576267253785,302.2825827205882,0.6778125,32530.550027156693
0,0.22855506884785282,0.25137875033840784,0.14546618782353224,0.1749212645563937,1.255688909340647,2.060943842033207,299.18846694486484,299.3651588631552,299.10137569981606,298.9602399834768,298.30981390753766,302.54999999999995,0.67,22205.287159996646
0,0.12518365431678558,0.1982614294408876,0.05073411282189086,0.07248620875857259,1.0017958744498525,1.4501894828412865,299.9145209517505,299.98192012933544,299.8076750456181,299.7593403828884,298.96106429849766,302.89632352941175,0.660625,13321.649514315272
0,0.07891213328778557,0.1557480897738714,0.050646329981667945,0.040472524673679046,0.8315978313981244,1.1582653053782466,300.4672068607442,300.5281229404993,300.21019213770677,300.28550626721255,299.5343367146028,303.2911764705882,0.65,14702.59480739314
0,0.2678738880054288,0.25437952366201483,0.22975169750677946,0.18601170540511908,1.2070825923686352,2.1506928775356506,300.043368398507,300.2145263301371,299.6365150102124,299.74821667550185,299.1999339536384,303.61544117647054,0.639375,26774.853042780585
0,0.473571913710435,0.4266633192803648,0.3747893047143147,0.31042364123331473,1.6294263394657433,3.2338240931270104,299.1024758756877,299.17713714929897,298.83534695317854,298.8435601178478,298.3137176530441,303.75,0.63,37635.43207573545
0,0.4670525509383346,0.4501880414612594,0.3283804875594113,0.2775258704069564,1.7470328155685975,3.2901291680333937,298.89545510438177,298.8120864556817,298.72074489606996,298.68338738680194,298.00886311934977,303.75,0.62265625,38545.80174968181
0,0.3763287571083504,0.35540466687736555,0.2660004980549,0.23884329570808088,1.599619213464813,2.8491836886150876,299.0462686079704,298.9412502684631,298.81964801510514,298.73380181449056,298.03530168686535,303.75,0.6170833333333333,34789.37242000723
0,0.3615941230514612,0.3238928608653315,0.23501511048326304,0.2330039916502503,1.5347432132884156,2.6992954810155836,299.10367487229786,298.98586167827386,298.9076770934288,298.745342205313,298.066910477554,303.75,0.6129687500000001,33005.937918149546
0,0.3082879824862709,0.2856004739419787,0.18242643448905171,0.16735500862967548,2.275279281714417,3.237957603633186,299.1176120547489,298.89840921863924,298.895464729015,298.764626013586,297.66113997683055,303.75,0.61,30822.67099522308
0,0.1389145667455187,0.10442220328374113,0.053895267730323285,0.04287192231340027,1.159758008791918,1.5017883714336966,300.10364039033595,300.02945084554824,299.80972506731734,299.8150349251953,298.8201925985791,303.75,0.60953125,12242.640537088668
0,0.13311573162877996,0.05087434949433682,0.05092492748344065,0.040678177902095075,1.0305006989248848,1.3073738395726187,300.45117679561156,300.4967488847141,300.1263373595497,300.15452486681517,299.2413448246598,303.75,0.61125,10391.86410399422
0,0.26611003295218943,0.2527045242374992,0.26611003295218943,0.19654796329583268,1.2623114244861844,2.2501879064900336,299.9828995182589,299.66153072332315,299.35937146282,299.44966515309744,298.773541629493,303.75,0.61234375,29297.58682034294
0,0.5131346608602612,0.42431137372564504,0.38892114973362346,0.3035472726053824,1.905673699526379,3.560829319793301,299.0497552919628,298.70863225613493,298.6430733451501,298.67708191693276,297.90490666765356,303.75,0.61,40264.23486456738
0,0.469071430923658,0.3086933340022834,0.2505795398453514,0.21122102751770735,1.5218461053421366,2.7733939875332356,299.16894297132654,299.0517763878217,299.05031108368286,299.0622603088742,298.184868697981,303.921875,0.605,34002.93222022391
0,0.3809442433161448,0.2420368003237407,0.1817027978914057,0.18738716365766497,1.4457655531747122,2.4460693106523435,299.4046218916929,299.2703523875992,299.28680924622336,299.22248263534146,298.2957693114663,304.29999999999995,0.6,31332.40033025519
0,0.39968894018162354,0.28716057270940903,0.23883417005592786,0.2170133160180937,1.5461305473013054,2.699884232683171,299.37610668146937,299.11374259415726,299.13496523453097,299.16457687808224,298.22240781345636,304.67812499999997,0.595,30837.466268401633
0,0.32953582778735657,0.16702687170907227,0.13694878928641024,0.13438469361445327,1.2711872246222733,2.0438948813190905,299.7576396760383,299.7203737811867,299.64696751433047,299.7290764082063,298.66470597352946,304.84999999999997,0.59,22344.85323808785
0,0.21686234399950655,0.05053734870810501,0.05057019904519659,0.06852789578606315,1.0696766852378976,1.4579386751755241,300.4185265484545,300.5076013724842,300.29620715033263,300.41097373540475,299.2892815945332,304.84999999999997,0.585,14252.79301920856
0,0.29600165182109356,0.2633074759508933,0.27255994583524734,0.2186258111060802,1.4041043947699605,2.4629906986875207,300.1109272387607,299.6318529449409,299.5093080139158,299.8123601021218,298.85095849499675,304.84999999999997,0.58,31451.759801634533
0,0.5561484598387326,0.4616310738779521,0.4722327835237358,0.39360439424151883,1.9560652710851045,3.8720632053401394,299.22439601686614,298.7427363590717,298.7401906234287,298.98022040495226,298.0918818783069,304.84999999999997,0.5750000000000001,41923.7415576361
0,0.5207773738226035,0.3146063840257327,0.311152055635064,0.3162508709845665,1.7780544043922895,3.2602543307888445,299.1050373726623,298.9765989487655,298.9777960095706,299.08226169140687,298.08097528358735,304.84999999999997,0.5700000000000001,37480.08381828134
0,0.3915567968730032,0.22891041035567344,0.21287913651201337,0.2537262499698464,1.5825575094766018,2.6804535718090903,299.36486830221315,299.2347290938974,299.2514254164944,299.32394387914985,298.2366641710707,304.84999999999997,0.5650000000000001,32430.690991162846
0,0.41113017042351907,0.2942864417087169,0.28143652301547156,0.28781004090725737,1.6180878803004566,2.9065356004838345,299.29309757403206,299.00794287090133,299.06197075866964,299.25333883074563,298.17750738088426,304.84999999999997,0.56,32692.688096365444
0,0.36521415120721684,0.18917690196141546,0.18596459994286588,0.22673913779093494,1.350456902682604,2.3246239568604743,299.4872752987987,299.46198309609827,299.4441252321969,299.6178336387338,298.48804324946366,304.84999999999997,0.555,23720.551157993774
0,0.22815361929876773,0.050892834380446936,0.05275317244395616,0.14083607268857506,1.0992227873044271,1.5740384873755866,300.22885871130495,300.3658124538519,300.24959830838486,300.38561010384876,299.19361824397146,304.84999999999997,0.55,21282.882917116425
0,0.28227101274629535,0.2149459458228173,0.22395995685769068,0.24559334761516802,1.2854481887515197,2.2587092086466796,300.07132076018115,299.7620358999497,299.7163515569458,300.0982050482739,298.9778360031728,304.70502717391304,0.555625,28333.899725314503
0,0.49450334882921115,0.41891625403889365,0.4453616427888496,0.4032752502741759,1.751755343594935,3.538597328227865,299.15955250184675,298.7071185999928,298.7733659519358,299.17590362674673,298.1643265180851,304.3717391304348,0.5750000000000001,38422.8330287071
0,0.478923777955388,0.31899858477695814,0.34225377954213054,0.37660100881773856,1.6996681438760584,3.235432926864779,299.0397537773216,298.8558564548576,298.89587055859045,299.1275563446707,298.0974534184758,304.0025815217391,0.596875,35914.737749808985
0,0.32699088879018406,0.2194143836784006,0.22205173937196176,0.28587138018259617,1.4183871282975673,2.4813152731714574,299.4117459227965,299.2104833134849,299.25906916804246,299.4481356420473,298.3581433270767,303.75,0.61,29532.211978641848
0,0.3674709953607428,0.2835386753318085,0.2924489360727037,0.31784568893885135,1.4803124937485317,2.7533511389610044,299.20953187189264,298.8942519302548,298.9776668897307,299.2683113653745,298.2011738375468,303.6961956521739,0.615,31692.17738441055
0,0.35790357157849245,0.203652734264916,0.22377400891765048,0.2841662980001576,1.310701214307297,2.3878643395658417,299.20238448619364,299.14858269266136,299.15855349302217,299.37117160561365,298.3153646141746,303.75,0.62,22937.292819071597
0,0.1782439947868511,0.05099769574506871,0.051054960286779826,0.16518677418632816,0.9466854770224737,1.3937096107787459,300.0565789064816,300.1102742282379,300.05425469375837,300.2092826013275,299.09034786854556,303.8038043478261,0.625,17451.794833164022
0,0.1870528663782732,0.12539496026174893,0.1300591012669536,0.20542355109030616,1.0160921496892872,1.666639175422861,299.9654756617865,299.78710354489414,299.765042856828,300.0098958886014,298.94643327116285,303.75,0.63,15210.819058444931
0,0.3427975535812682,0.3255288488243386,0.3427975535812682,0.25318910464115213,1.4824031947299097,2.7584992623592273,299.2091990655937,298.7317874478932,298.8448095329507,299.40361322582817,298.1779222884461,303.52304347826083,0.635,32031.75674663251
0,0.39920355476180214,0.27795063103578455,0.30482578582413594,0.3326239107138423,1.3892901414538932,2.7151468923232023,298.6823520313796,298.47837006999606,298.5565539235174,298.7762564289997,297.8474320633449,303.18826086956517,0.64,30858.47751813186
0,0.2903811711891175,0.20788365841863332,0.2245475834160479,0.2791023824031227,1.2627556323955225,2.271271987492766,298.8898682243445,298.66201270597753,298.71649838185107,298.8501169559321,297.9255195238961,302.8343478260869,0.645,24741.589798772296
0,0.26098091748870766,0.1991137913986241,0.21015577526136703,0.24826254818337018,1.0775579482537565,2.000593984808029,298.96292263527863,298.70686724649715,298.7559755919636,298.98103704591824,298.0589349730673,302.54999999999995,0.65,19796.839817093303
0,0.008199316611572392,0.007786269277110296,0.008199316496210914,0.006055987380367007,0.038894027508965395,0.06913525269130932,300.5141735136864,300.33836095991563,300.1498653101054,300.7016281534833,299.7860651463845,302.47265625,0.64953125,1479.1242140312154
0,0.014099407115015223,0.01338913804752897,0.014099407115009805,0.010413774036974717,0.06688151695114382,0.11888485803178722,300.65522435446826,300.4778666566079,300.3040009327752,300.8331155605641,299.9528081056071,302.56374999999997,0.64375,1519.2711669478097
0,0.01623136707107346,0.01541369879187068,0.01623136707107346,0.011988432393677197,0.07699461708204756,0.13686188272533073,300.6529622921715,300.4718001410135,300.2995409481135,300.82160763951816,299.95047541613116,302.64796874999996,0.64109375,1539.0122637242798
0,0.016262283303540986,0.015443057594055813,0.016262283303540986,0.012011267017598965,0.0771412703781029,0.13712259267070104,300.66988456341886,300.4946359610165,300.3201816666897,300.8331116975079,299.9739643178529,302.54999999999995,0.65,1539.1984556071857
0,0.00010785623327226312,0.0001024228880540287,0.0001078562332722631,7.966224626424452e-05,0.0005116235338863985,0.0009094260986250999,300.81581119463453,300.6789270928998,300.49253106977244,300.98466084159196,300.1499558037581,301.9358634868421,0.6756088362068965,-5.684009541983089e-08
0,0.0001013397929434456,9.62347186913507e-05,0.00010133979294344474,7.484922564882828e-05,0.0004807123465749173,0.0008544798807084317,300.8150236705477,300.69792610730013,300.5163091804342,300.99202298579183,300.17586383862397,300.8848026315789,0.7124568965517242,-5.0179190902383443e-08
0,9.972450932430162e-05,9.470080629445252e-05,9.972450932430155e-05,7.365618267346308e-05,0.00047305013653491877,0.0008408596132198529,300.7977076333163,300.69472241425495,300.5136520662827,300.97205529190217,300.1799033511362,299.8413404605263,0.7530765086206896,-4.859224439592515e-08
0,9.996317929095101e-05,9.492745306785679e-05,9.996317929078211e-05,7.383246349723217e-05,0.0004741822840983886,0.0008428716251335322,300.78592319864305,300.68876539194576,300.5075441392353,300.95382041979417,300.1812902938748,299.25,0.79,-4.882506600637816e-08
0,9.927051256892252e-05,9.426967999379916e-05,9.927051256892245e-05,7.332086221739936e-05,0.00047089657139257155,0.0008370308121361814,300.7747302992146,300.6826305500158,300.5015195855813,300.9419018904849,300.18325953921476,299.0533044258373,0.8284859913793103,-4.815072847212421e-08
0,0.00010084224089262538,9.576223122858997e-05,0.00010084224089263542,7.44817354000193e-05,0.00047835217386355694,0.0008502830040456925,300.7605142500356,300.67676848444285,300.4967420354243,300.93736155924324,300.1846856531915,298.90091706539073,0.8700431034482758,-4.968747963566022e-08
0,0.00010592806597992243,0.00010059185375270704,0.00010592806597992205,7.823810847432794e-05,0.0005024771384106599,0.0008931653449043685,300.7459469747677,300.66994951081614,300.49161814873816,300.9349301838742,300.18419275614025,298.7980711722488,0.9015786637931035,-5.482563866340765e-08
0,0.00010953578596275115,0.00010401783191567764,0.00010953578596274716,8.090275815663963e-05,0.0005195906087302284,0.0009235844588473711,300.7323255564248,300.6620929049324,300.4859249980595,300.9220107186455,300.1819387634789,298.75,0.91,-5.862369719330446e-08
0,0.00011134506140407884,0.00010573596363940242,0.00011134506140407884,8.223908283064631e-05,0.0005281730324528452,0.0009388393878322286,300.7203732011275,300.65446400886464,300.48051262200147,300.9091731665422,300.1804450766918,298.72762784090907,0.9025,-6.057627651426026e-08
0,0.00011304263709499101,0.00010734802257821781,0.00011304263709499112,8.34929064497251e-05,0.0005362256006510325,0.0009531524733185045,300.7083915118265,300.6466656710442,300.4749381144406,300.8963700153272,300.17878261533446,298.70928030303025,0.895,-6.243738847649444e-08
0,0.0001145795803550375,0.00010880754107514437,0.00011457958035504278,8.462808750289062e-05,0.0005435161977563909,0.0009661111308249294,300.69652280498804,300.63872159330066,300.4692168583399,300.88362061695534,300.1769277599927,298.7112926136363,0.8875000000000001,-6.414667398614964e-08
0,0.00011588185353963361,0.00011004421119196801,0.00011588185353963147,8.558994203819612e-05,0.0005496936210593508,0.0009770910983146963,300.6855416609184,300.6309769222521,300.4637206632898,300.8712426304087,300.1752233534079,298.75,0.88,-6.561302865318859e-08
0,0.00011710301177624097,0.0001112038525920966,0.00011710301177624097,8.649188534940846e-05,0.000555486269972569,0.0009873871286959234,300.676228359446,300.6238548700949,300.45890874665156,300.85962589279785,300.1740527943205,298.8433948863636,0.871796875,-6.700309972875717e-08
0,0.00011827935661612606,0.00011232093810670216,0.0001182793566161265,8.736072963854849e-05,0.0005610663434258301,0.0009973053089321038,300.66874451554366,300.61757975015547,300.455053887503,300.8489632205007,300.1735678816212,298.9782196969697,0.863125,-6.835593582511193e-08
0,0.00011896820873878047,0.00011297508874504717,0.00011896820873878036,8.786951346837246e-05,0.0005643339613151738,0.00100311307212062,300.66294327948947,300.6121000490047,300.4520626490194,300.8392179470894,300.17380761909294,299.1239346590909,0.8553906250000001,-6.91543894698881e-08
