,mod.conVAVSou.VDis_flow,mod.conVAVEas.VDis_flow,mod.conVAVNor.VDis_flow,mod.conVAVWes.VDis_flow,mod.conVAVCor.VDis_flow,mod.fanSup.VMachine_flow,mod.flo.temAirSou.T,mod.flo.temAirEas.T,mod.flo.temAirNor.T,mod.flo.temAirWes.T,mod.flo.temAirPer5.T,mod.TOut.y,mod.oveRelHumOutAir.y,total_power,Power (kW)
0,2.69E-13,2.56E-13,2.69E-13,1.99E-13,-0.006902902,2.27E-12,297.15,297.15,297.15,297.15,297.7750606,294.45,0.66,-3.55E-25,2442.786
0,0.000105633,0.000100312,0.000105633,7.80E-05,-0.006844168,0.000890678,296.8703116,296.8899672,296.8700587,296.8446754,297.5675047,294.225,0.70128102,-5.45E-08,
0,0.000100809,9.57E-05,0.000100809,7.45E-05,-0.006022242,0.000849999,296.9317262,297.0064078,297.0000708,297.0005983,297.6801946,294,0.765965074,-4.97E-08,
0,0.000101048,9.60E-05,0.000101048,7.46E-05,-0.006778126,0.000852016,297.0264802,296.9760355,297.0291299,297.0434443,297.7338773,293.775,0.83016659,-4.99E-08,
0,0.000105564,0.000100246,0.000105564,7.80E-05,-0.006386151,0.000890094,297.0510165,297.0470655,296.9640334,297.0588958,297.728345,293.55,0.87,-5.44E-08,
0,0.00010217,9.70E-05,0.00010217,7.55E-05,-0.006525666,0.000861471,297.0565381,297.0169528,296.9792164,297.0649114,297.7434117,293.325,0.888177584,-5.10E-08,
0,0.000106701,0.000101326,0.000106701,7.88E-05,-0.005624926,0.000899681,296.9762331,297.0231865,297.0378035,297.0555529,297.7675457,293.1,0.903786058,-5.56E-08,
0,0.000100276,9.52E-05,0.000100276,7.41E-05,-0.005711716,0.000845502,297.0187775,297.0432796,297.0249758,296.9710828,297.7835652,292.875,0.917501502,-4.91E-08,
0,0.000106047,0.000100705,0.000106047,7.83E-05,-0.005874903,0.000894165,297.0247626,297.033898,296.9269628,297.025828,297.7375073,292.65,0.93,-5.49E-08,
0,0.000105425,0.000100114,0.000105425,7.79E-05,-0.0058323,0.00088892,297.011234,297.018027,296.9035189,297.0168216,297.7285674,292.4364063,0.942908654,-5.43E-08,
0,0.000104371,9.91E-05,0.000104371,7.71E-05,-0.005757373,0.00088003,296.9997754,297.0069243,296.8905462,297.0062302,297.7258784,292.23875,0.955641026,-5.32E-08,
0,0.00010321,9.80E-05,0.00010321,7.62E-05,-0.00567187,0.00087024,296.9904209,296.9986298,296.8813921,296.9978539,297.7249216,292.0467187,0.965552885,-5.20E-08,
0,0.000102075,9.69E-05,0.000102075,7.54E-05,-0.005577062,0.000860676,296.9824191,296.9918845,296.8744639,296.9908646,297.7239592,291.85,0.97,-5.09E-08,
0,0.000100959,9.59E-05,0.000100959,7.46E-05,-0.005465235,0.000851266,296.9752051,296.9860393,296.8691872,296.9846753,297.7205771,291.630625,0.961599265,-4.98E-08,
0,1.00E-04,9.49E-05,1.00E-04,7.38E-05,-0.005342783,0.000842769,296.9664439,296.9787606,296.8637813,296.9769892,297.7132753,291.3925,0.940931373,-4.88E-08,
0,9.91E-05,9.41E-05,9.91E-05,7.32E-05,-0.005222737,0.000835653,296.9554603,296.9693287,296.8581,296.9666198,297.704247,291.158125,0.917297794,-4.80E-08,
0,9.85E-05,9.35E-05,9.85E-05,7.27E-05,-0.005116835,0.000830208,296.9434107,296.9586013,296.8532575,296.942209,297.6973254,290.95,0.9,-4.74E-08,
0,0.000101479,9.64E-05,0.000101479,7.50E-05,-0.004979118,0.000855652,296.9290646,296.9429202,296.8928884,296.8756717,297.7149924,290.8344866,0.889389706,-5.03E-08,
0,0.000100452,9.54E-05,0.000100452,7.42E-05,-0.004371108,0.000846987,296.8397231,296.9325308,296.9093824,296.9177513,297.6994352,290.8294643,0.880235294,-4.93E-08,
0,9.92E-05,9.42E-05,9.92E-05,7.33E-05,-0.005460973,0.00083668,296.896267,296.8545785,296.8972026,296.9225704,297.6925705,290.8847098,0.873463235,-4.81E-08,
0,0.000100705,9.56E-05,0.000100705,7.44E-05,-0.005215471,0.000849124,296.9022299,296.9158962,296.8146309,296.9202525,297.6550299,290.95,0.87,-4.96E-08,
0,9.84E-05,9.34E-05,9.84E-05,7.26E-05,-0.005397934,0.000829358,296.9030028,296.8926859,296.8384907,296.9215438,297.6651301,291.0066964,0.873430147,-4.73E-08,
0,9.88E-05,9.38E-05,9.88E-05,7.30E-05,-0.004880012,0.000833191,296.863445,296.9108035,296.9025192,296.9253031,297.6941981,291.0892857,0.883147059,-4.77E-08,
0,9.84E-05,9.35E-05,9.84E-05,7.27E-05,-0.004802985,0.000830036,296.9014437,296.9614732,296.9206604,296.890001,297.7198018,291.2272321,0.893790441,-4.73E-08,
0,9.86E-05,9.37E-05,9.86E-05,7.29E-05,-0.004706448,0.000831732,296.936392,297.0278695,296.8970021,296.9486588,297.7178057,291.45,0.9,-4.75E-08,
0,0.000100557,9.55E-05,0.000100557,7.43E-05,-0.004133803,0.000847872,296.9590103,297.141167,296.9057002,296.9743907,297.7336164,291.7740809,0.900772059,-4.94E-08,
0,0.000102005,9.69E-05,0.000102005,7.53E-05,-0.00343261,0.000860085,296.981914,297.2716713,296.9359399,297.0118649,297.759642,292.1808824,0.897352941,-5.08E-08,
0,0.000103607,9.84E-05,0.000103607,7.65E-05,-0.003070377,0.000873595,297.0105169,297.3657179,296.9771225,297.064924,297.7848703,292.6472426,0.887757353,-5.24E-08,
0,0.000100836,9.58E-05,0.000100836,7.45E-05,-0.002927433,0.000850227,297.0536112,297.4468963,297.0325691,297.1252486,297.8157469,293.15,0.87,-4.97E-08,
0,0.051661842,0.051574409,0.051661842,0.041222881,0.189074359,0.434067094,296.9137159,297.2379395,296.9294785,296.894599,297.7934595,293.7027574,0.840419922,1492.171382,
0,0.05106404,0.051006721,0.05106404,0.040781348,0.187226914,0.429025494,296.8875937,297.2484003,296.9190016,296.8882932,297.7604527,294.2941176,0.801953125,1567.29801,
0,0.050925217,0.050874894,0.050925217,0.040678817,0.186564365,0.42785422,296.9431506,297.2944595,296.9545284,296.9164383,297.7725497,294.8634191,0.762509766,3704.675941,
0,0.050890022,0.050841468,0.050890022,0.040652818,0.186568627,0.427558039,296.9833457,297.3716392,296.9798361,296.9337829,297.7838352,295.35,0.73,8052.753909,
0,0.050881948,0.050833799,0.050881948,0.040646853,0.186709953,0.427490113,297.1586496,297.54149,297.1443759,297.0890075,297.9052964,295.775,0.703628627,3557.214243,
0,0.050881626,0.050833494,0.050881626,0.040646616,0.187136575,0.427487291,297.4729649,297.8345011,297.4600031,297.3929045,298.1444978,296.2,0.678582589,1479.526974,
0,0.050885082,0.050836777,0.050885082,0.040649167,0.187702397,0.427516108,297.8068791,298.160387,297.781665,297.7065458,298.3953832,296.625,0.656745257,1479.651485,
0,0.050888451,0.050839979,0.050888451,0.040651658,0.188557715,0.427544165,298.1178165,298.5120679,298.0634601,297.991464,298.6260361,297.05,0.64,7254.228495,
0,0.050890216,0.050841656,0.050890216,0.040652962,0.189047046,0.42755886,298.3180915,298.7476636,298.2201719,298.1483078,298.7602196,297.475,0.627053571,3856.632376,
0,0.050891885,0.050843246,0.050891885,0.040654196,0.189146448,0.427572774,298.4571889,298.8951293,298.3070619,298.2315529,298.8379175,297.9,0.615714286,1676.041116,
0,0.05089236,0.050843701,0.05089236,0.040654548,0.189085184,0.427576737,298.5977655,299.0237115,298.3948132,298.3198065,298.9146577,298.325,0.606517857,1521.074921,
0,0.050892003,0.050843375,0.050891998,0.04065428,0.188893384,0.427573762,298.7393432,299.1359786,298.4862104,298.4169366,298.9921207,298.75,0.6,4102.763458,
0,0.050875554,0.07231147,0.05087554,0.040642123,0.184900415,0.448926084,298.8575289,299.1568968,298.5590391,298.4946366,299.0507135,299.1247159,0.595,7433.332825,
0,0.050852907,0.109590555,0.05085289,0.040625383,0.176872429,0.486050165,298.9613653,299.0965691,298.6187632,298.5560291,299.0952818,299.4159091,0.59,1767.488836,
0,0.050809965,0.121393299,0.050809936,0.040593636,0.217384942,0.552778233,299.0524601,299.0944777,298.6718384,298.6096777,299.1476042,299.6491477,0.585,2666.267267,
0,0.051359038,0.123537761,0.050701826,0.040513735,0.334468031,0.698763746,299.0982166,299.0653381,298.6938214,298.6248426,299.1888598,299.85,0.58,7634.33488,
0,0.089821185,0.141237922,0.050567564,0.040414482,0.446996737,0.904444535,299.0172573,298.9641357,298.68953,298.6084422,299.2027469,300.025071,0.575,7804.50626,
0,0.118874699,0.126405287,0.050558733,0.040407885,0.55479896,1.055934185,298.9741789,298.9443038,298.6842853,298.5932805,299.2212892,300.1653409,0.57,9255.23873,
0,0.127008541,0.12370339,0.050404062,0.040293537,0.655323974,1.178634131,298.9833492,298.9012363,298.6847065,298.5844661,299.2414016,300.2729403,0.565,5599.46491,
0,0.160694566,0.142970697,0.051144765,0.040839987,1.300502847,1.953540005,298.8106788,298.675553,298.5661971,298.4254726,299.2797908,300.35,0.56,10857.93951,
0,0.090789558,0.056358835,0.051969845,0.041449862,0.995145531,1.444503555,298.9042884,298.7958383,298.4665157,298.3465992,299.1479354,300.3787642,0.557890625,8158.051503,
0,0.050668497,0.050630729,0.050668473,0.040488743,0.964089482,1.354676361,299.0362096,298.8301513,298.5049858,298.3965382,299.1725833,300.3642045,0.559375,7910.234273,
0,0.050575399,0.05054238,0.050575337,0.040420034,0.861146713,1.240169053,299.1606381,298.9274466,298.6132672,298.5314059,299.2399448,300.3425426,0.561171875,11264.74877,
0,0.065797233,0.050512413,0.050543797,0.040396755,0.820035423,1.211782413,299.2159997,298.9905375,298.6927086,298.6361018,299.2936576,300.35,0.56,10973.57322,
0,0.079779385,0.050468814,0.050497864,0.040362854,0.770632689,1.172233909,299.4097812,299.1965055,298.9345428,298.9020008,299.466701,300.451877,0.554046875,7245.914045,
0,0.153426961,0.051288787,0.050444207,0.040323212,0.709411483,1.189547248,299.3350703,299.2622663,299.0151235,299.0044747,299.5097619,300.6375812,0.545375,5300.208577,
0,0.277878553,0.120052294,0.05224945,0.041656084,1.046542808,1.787676711,299.0840781,299.0301556,298.9774788,298.9656837,299.5495999,300.8294947,0.536515625,8901.5651,
0,0.277772553,0.1581789,0.052149743,0.041582198,1.216926167,2.015959016,298.9306862,298.7710705,298.7857089,298.8109667,299.4329513,300.95,0.53,13622.58562,
0,0.193925788,0.08262908,0.05086413,0.040633004,1.10722053,1.715554335,299.0775376,298.9289705,298.7893342,298.8734932,299.4067643,300.8112723,0.527,13653.30233,
0,0.156202646,0.050842896,0.050892092,0.04065366,1.134572481,1.66719452,299.2616607,299.1209861,298.9307165,299.0713038,299.5235461,300.4294643,0.525666667,9545.150258,
0,0.185186381,0.100169064,0.051099491,0.040806637,1.271020572,1.902981968,299.2036578,298.9918743,298.9259816,299.1119265,299.5511895,300.0329241,0.524,13729.76546,
0,0.198496946,0.124933852,0.051413977,0.072157073,1.431649646,2.184273061,299.0370889,298.7734092,298.7787487,298.944636,299.4777237,299.85,0.52,12062.90898,
0,0.156037715,0.051028896,0.051088119,0.064827975,1.25752333,1.839734918,299.139633,298.9713478,298.8096621,299.0848803,299.4515528,300.0352431,0.513320313,9413.564158,
0,0.119276794,0.051120004,0.051184061,0.040869275,1.3350085,1.84537304,299.33263,299.1130026,298.9631242,299.362388,299.564081,300.4356481,0.505520833,13155.9566,
0,0.179340671,0.051074121,0.051135803,0.083593666,1.277405721,1.916446941,299.2358237,299.1265595,298.9901986,299.3751505,299.5731967,300.8182292,0.497460938,9633.991907,
0,0.224013203,0.051144639,0.051210261,0.1649954,1.274692785,2.096478431,299.1305394,299.1095127,298.9872174,299.2732314,299.5859144,300.95,0.49,12713.8771,
0,0.167151354,0.051078125,0.051140115,0.167569942,1.240179166,1.992649703,299.2008333,299.0904176,298.9677561,299.3241018,299.5534739,300.8585007,0.483382813,13249.54638,
0,0.173903024,0.114722705,0.051207771,0.186919503,1.260325365,2.130889713,299.123172,298.8880131,298.9283278,299.274221,299.5227604,300.7272983,0.4775625,14120.28424,
0,0.230240749,0.133723655,0.069439856,0.235682465,1.354023893,2.449497173,298.8001933,298.6062653,298.6725136,298.9878584,299.3710702,300.5574467,0.472960937,14679.99683,
0,0.166675016,0.059210145,0.051360143,0.215191977,1.336683646,2.196698601,298.9131224,298.7853028,298.7183842,299.0903552,299.3770882,300.35,0.47,12379.41755,
0,0.05089199,0.050841694,0.050890844,0.141856128,1.095200754,1.662166033,299.3321973,299.0417855,298.9338749,299.5322124,299.4728914,300.0948103,0.473842105,5572.186003,
0,0.074908173,0.051532922,0.051619128,0.171913143,1.404813694,2.079457712,299.3109637,299.0621985,298.9797143,299.5329627,299.5885988,299.8037202,0.485578947,6934.194677,
0,0.214838629,0.053128097,0.053299182,0.283428471,1.323158408,2.320797494,298.7982161,298.7654482,298.6925552,299.0808722,299.3910088,299.5107701,0.499526316,13800.0791,
0,0.152713781,0.051358095,0.05143522,0.251761638,1.361640413,2.259227165,298.7640308,298.6363214,298.5692863,299.0085238,299.2918582,299.25,0.51,8938.692874,
0,0.094384042,0.050942787,0.050992391,0.20740062,1.129686798,1.851634102,298.8580995,298.656657,298.5766129,299.0980959,299.227554,299.1612132,0.512223684,5992.376189,
0,0.117946816,0.052063767,0.052178101,0.224515563,1.268907284,2.062871654,298.719838,298.5492063,298.4828969,298.9557283,299.1849482,299.2465686,0.509087719,9093.121328,
0,0.051673385,0.050911038,0.05096397,0.196672514,1.118877968,1.775690781,298.761947,298.498921,298.4251889,298.9267099,299.0881689,299.3336397,0.506407895,6041.913271,
0,0.050602543,0.05056812,0.050602543,0.097444116,0.874954122,1.345762982,298.7783024,298.5316478,298.4370209,299.1062383,299.018845,299.25,0.51,4402.633069,
0,0.004754505,0.004514994,0.004754505,0.003511667,0.015431668,0.040089271,299.305642,299.1509632,298.9417439,299.8039749,299.1914237,298.7676708,0.531671875,1465.57055,
0,0.010772752,0.010230066,0.010772752,0.007956718,0.043175891,0.090834478,299.34795,299.1851994,298.9936622,299.8218436,299.2684496,297.956926,0.569958333,1494.009125,
0,0.015944735,0.015141507,0.015944735,0.011776727,0.064846237,0.134445143,299.3099752,299.1399471,298.9515495,299.7671954,299.2727843,297.0927182,0.610765625,1536.218254,
0,0.016250553,0.015431918,0.016250553,0.012002603,0.066487567,0.13702395,299.2805634,299.1248562,298.9175867,299.729568,299.2694363,296.45,0.64,1539.219002,
0,9.79E-05,9.29E-05,9.79E-05,7.23E-05,-0.003728357,0.000825245,299.3317191,299.201551,298.9942094,299.7804519,299.3047251,296.206754,0.649819973,-4.68E-08,
0,9.77E-05,9.27E-05,9.77E-05,7.21E-05,-0.003708262,0.000823479,299.3303815,299.2018499,298.9967938,299.7651803,299.3063613,296.2,0.649103261,-4.66E-08,
0,9.75E-05,9.26E-05,9.75E-05,7.20E-05,-0.003723656,0.000821783,299.3235006,299.1949333,298.9894546,299.7442805,299.3011143,296.193246,0.648834918,-4.64E-08,
0,9.71E-05,9.22E-05,9.71E-05,7.17E-05,-0.003596828,0.000818734,299.3125595,299.1865011,298.9798489,299.7222505,299.3014197,295.95,0.66,-4.61E-08,
0,9.71E-05,9.22E-05,9.71E-05,7.17E-05,-0.003079989,0.000818392,299.2901744,299.1774247,298.9643757,299.6969377,299.313314,295.1203654,0.692532269,-4.60E-08,
0,9.79E-05,9.30E-05,9.79E-05,7.23E-05,-0.002287607,0.000825329,299.2551117,299.1633587,298.9377398,299.6654091,299.3283301,293.8529637,0.738709239,-4.68E-08,
0,9.65E-05,9.17E-05,9.65E-05,7.13E-05,-0.001713321,0.000813799,299.2273175,299.1368025,298.9029081,299.628803,299.3374024,292.6590801,0.78303159,-4.55E-08,
0,9.58E-05,9.10E-05,9.58E-05,7.07E-05,-0.001527225,0.000807608,299.2098761,299.1110703,298.8674941,299.5872065,299.3328547,292.05,0.81,-4.48E-08,
0,9.57E-05,9.09E-05,9.57E-05,7.07E-05,-0.001539759,0.000806897,299.1868092,299.0911128,298.8395684,299.5676037,299.3157287,291.9951563,0.819860491,-4.47E-08,
0,9.48E-05,9.01E-05,9.48E-05,7.00E-05,-0.001722916,0.00079962,299.1813509,299.0723965,298.8181937,299.5451491,299.3028081,292.05,0.825669643,-4.39E-08,
0,8.92E-06,8.47E-06,8.92E-06,6.58E-06,-0.002181275,7.52E-05,299.1717737,299.0629404,298.7978846,299.5238277,299.2903079,292.1048438,0.831143973,-3.88E-10,
0,5.66E-10,5.37E-10,5.66E-10,4.18E-10,-0.002223194,4.77E-09,299.1569523,299.049972,298.7780163,299.5020449,299.2797382,292.05,0.84,-1.56E-18,
0,7.92E-06,7.52E-06,7.92E-06,5.85E-06,-0.002133275,6.67E-05,299.1401498,299.0341996,298.7636346,299.4788799,299.2749254,291.8980915,0.854598214,-3.06E-10,
0,9.50E-05,9.03E-05,9.50E-05,7.02E-05,-0.001735566,0.000801429,299.1215449,299.0100731,298.7507951,299.454789,299.2708071,291.7411607,0.872142857,-4.41E-08,
0,9.73E-05,9.24E-05,9.73E-05,7.18E-05,-0.001371792,0.000820174,299.0677471,298.9980062,298.7349073,299.4279696,299.2586035,291.5886496,0.888616071,-4.62E-08,
0,9.71E-05,9.22E-05,9.71E-05,7.17E-05,-0.001342137,0.000818735,299.0487243,298.9784021,298.7189742,299.3794807,299.2518378,291.45,0.9,-4.61E-08,
0,9.72E-05,9.23E-05,9.72E-05,7.18E-05,-0.001323101,0.000819263,299.0336864,298.9614195,298.7048961,299.3529514,299.2422493,291.3233516,0.898828125,-4.61E-08,
0,9.72E-05,9.23E-05,9.72E-05,7.18E-05,-0.001284584,0.000819642,299.0179889,298.9460695,298.6924386,299.3300589,299.2300764,291.1991758,0.886875,-4.62E-08,
0,9.72E-05,9.23E-05,9.72E-05,7.18E-05,-0.001233095,0.000819491,299.0007974,298.930985,298.6801685,299.3088179,299.2173598,291.0754121,0.873984375,-4.62E-08,
0,9.71E-05,9.22E-05,9.71E-05,7.17E-05,-0.001159765,0.000818734,298.980866,298.9160225,298.6679468,299.2895809,299.2067871,290.95,0.87,-4.61E-08,
0,9.70E-05,9.22E-05,9.70E-05,7.17E-05,-0.001054484,0.000818252,298.9578293,298.9010809,298.6557347,299.2727116,299.1989216,290.8086538,0.876328125,-4.60E-08,
0,9.72E-05,9.23E-05,9.72E-05,7.18E-05,-0.00093045,0.000819193,298.933258,298.8858425,298.6432931,299.2575113,299.1917317,290.65,0.885625,-4.61E-08,
0,9.74E-05,9.25E-05,9.74E-05,7.19E-05,-0.000811829,0.000821122,298.9091328,298.8703081,298.6306901,299.2429089,299.1843962,290.4913462,0.894609375,-4.63E-08,
0,9.75E-05,9.26E-05,9.75E-05,7.20E-05,-0.00071896,0.000822492,298.8872119,298.8547747,298.61822,299.2271685,299.1762273,290.35,0.9,-4.65E-08,
0,9.78E-05,9.29E-05,9.78E-05,7.22E-05,-0.000705334,0.000824619,298.865236,298.8399147,298.6065465,299.2074366,299.165076,290.3675066,0.9028125,-4.67E-08,
0,9.82E-05,9.32E-05,9.82E-05,7.25E-05,-0.000751741,0.00082766,298.8404739,298.827285,298.5971891,299.183422,299.1514334,290.5736074,0.905,-4.71E-08,
0,9.84E-05,9.34E-05,9.84E-05,7.27E-05,-0.000815469,0.000829702,298.8180486,298.8168276,298.5899828,299.1569221,299.1383195,290.8179045,0.9046875,-4.73E-08,
0,9.86E-05,9.36E-05,9.86E-05,7.28E-05,-0.000845881,0.000831065,298.8001962,298.8070196,298.5832301,299.1317581,299.1270897,290.95,0.9,-4.75E-08,
0,9.86E-05,9.36E-05,9.86E-05,7.28E-05,-0.000780946,0.000831473,298.7839323,298.7957133,298.5746446,299.1114272,299.1180125,290.8573463,0.8925,-4.75E-08,
0,9.85E-05,9.36E-05,9.85E-05,7.28E-05,-0.000653073,0.000830874,298.7655423,298.7816589,298.563079,299.0957161,299.1088714,290.6270615,0.885,-4.74E-08,
0,9.84E-05,9.35E-05,9.84E-05,7.27E-05,-0.000548866,0.000830108,298.7474404,298.7660496,298.5500245,299.0860027,299.0983774,290.4082459,0.8775,-4.74E-08,
0,9.85E-05,9.35E-05,9.85E-05,7.27E-05,-0.00056368,0.000830233,298.7351225,298.7514816,298.5384015,299.0831741,299.0868242,290.35,0.87,-4.74E-08,
0,9.85E-05,9.35E-05,9.85E-05,7.27E-05,-0.000757133,0.000830246,298.7342109,298.7403806,298.5305472,299.084654,299.0756575,290.5278533,0.8625,-4.74E-08,
0,9.56E-05,9.08E-05,9.56E-05,7.06E-05,-0.001599928,0.000805912,298.7975032,298.716292,298.5302592,299.0794875,299.0782141,290.8442029,0.855,-4.46E-08,
0,1.55E-05,1.48E-05,1.55E-05,1.15E-05,-0.002065573,0.000131052,298.8095322,298.737112,298.5331704,299.0770462,299.0761259,291.1884511,0.8475,-1.18E-09,
0,-1.50E-10,-1.42E-10,-1.50E-10,-1.11E-10,-0.002015997,-1.26E-09,298.8107069,298.767771,298.5482022,299.0745439,299.0809548,291.45,0.84,-1.10E-19,
0,4.913971602,0.0079468,-28.62219331,-16.63648222,-0.00292854,1.19E-33,298.8140534,298.8162487,298.5679403,299.0746028,299.2742463,291.4769022,0.842929688,1.03E-44,
0,2.69E-13,2.56E-13,2.69E-13,1.99E-13,-0.23392679,2.27E-12,298.8197266,298.8827515,298.5917574,299.0775871,299.2121794,291.3384058,0.8578125,-3.55E-25,
0,-2.69E-13,-2.56E-13,-2.69E-13,-1.99E-13,-0.235824655,-2.27E-12,298.8282601,298.959763,298.6170113,299.083741,299.2409629,291.2557065,0.871289063,-3.55E-25,
0,2.69E-13,2.56E-13,2.69E-13,1.99E-13,-0.235685321,2.27E-12,298.8426291,299.0502213,298.647009,299.0953349,299.2679559,291.45,0.87,-3.55E-25,
0,2.69E-13,2.56E-13,2.69E-13,1.99E-13,-0.233620482,2.27E-12,298.8650317,299.1598765,298.6806255,299.1137048,299.2902277,292.098356,0.854726563,-3.55E-25,
0,5.39E-13,5.12E-13,5.39E-13,3.98E-13,-0.23105767,4.54E-12,298.8988917,299.2930451,298.7205969,299.1418829,299.3152973,293.0557609,0.835729167,-1.42E-24,
0,2.69E-13,2.56E-13,2.69E-13,1.99E-13,-0.227741368,2.27E-12,298.9412309,299.4290188,298.7612065,299.1767165,299.343769,294.0602853,0.813867188,-3.55E-25,
0,2.72E-11,2.58E-11,2.72E-11,2.01E-11,-0.223967306,2.29E-10,298.9879969,299.569796,298.8042533,299.215163,299.3825188,294.85,0.79,-3.62E-21,
0,0.051409756,0.095182225,0.051409756,0.041036613,-0.090168803,0.688459279,298.7243689,299.2212112,298.5343499,298.8922646,299.2093981,295.4156696,0.765046875,2016.447958,
0,0.050815989,0.219234953,0.05081593,0.073562285,-0.071672746,1.116637902,298.5362538,298.8142428,298.3651091,298.5773958,298.9236525,295.9467857,0.739708333,4553.514962,
0,0.050580637,0.19740444,0.050580637,0.069515105,-0.046698437,1.087615452,298.5263324,298.9092968,298.3540871,298.5682391,298.9320389,296.4795089,0.714515625,7434.682419,
0,0.050807427,0.159600224,0.050807427,0.040591505,0.088566551,1.177916631,298.504484,299.0000265,298.3348021,298.5933655,298.9649185,297.05,0.69,4770.147512,
0,0.05103848,0.103891055,0.05103848,0.040762388,-0.078379054,0.694971837,298.8073224,299.4958542,298.6175885,298.9138882,299.2457595,297.7304911,0.666304688,4017.933155,
0,0.051044803,0.05098846,0.051044803,0.040767142,-0.157927527,0.428863029,299.2156947,300.0638537,298.9944418,299.3137106,299.5825355,298.4965476,0.6433125,1700.297913,
0,0.050669506,0.151841711,0.050669506,0.040489853,-0.104608696,0.718222965,299.5004667,300.0681636,299.3073111,299.5097126,299.7124229,299.2393304,0.621164063,8102.113815,
0,0.102030244,0.379702131,0.052309367,0.112447979,-0.061973813,1.685861177,299.4478003,299.6576195,299.3929137,299.2919114,299.488801,299.85,0.6,11748.79949,
0,0.230861937,0.428754603,0.120230477,0.191122371,-0.01109173,2.293838559,298.9092561,299.2392838,298.9144901,298.7882958,299.1647369,300.1582812,0.58078125,16067.74537,
0,0.275578712,0.360580804,0.206990234,0.176558778,0.110096933,2.357367813,298.7230874,299.2272646,298.5762631,298.6872582,299.2060579,300.2054167,0.564375,16570.69108,
0,0.189423292,0.332059727,0.135749121,0.131945368,0.117970926,2.06125596,299.001507,299.3435939,298.8113693,298.8687299,299.275958,300.1998437,0.55078125,14545.05882,
0,0.151121063,0.359780155,0.080959689,0.100486829,0.159355669,2.060445501,299.189018,299.3611072,299.0192838,299.0130344,299.3158248,300.35,0.54,13693.55838,
0,0.160613152,0.287281409,0.057665099,0.055729954,0.177091193,1.782372128,299.4022804,299.7153381,299.2833422,299.3346101,299.5751027,300.7595312,0.531210938,7813.613714,
0,0.107310049,0.246354809,0.050734465,0.040537358,0.149608443,1.527859756,299.7835156,300.0295894,299.5450086,299.6200474,299.7949586,301.28625,0.5234375,11728.84687,
0,0.184471662,0.377862873,0.060258186,0.119268688,0.163749858,2.204555769,299.5582596,299.5982067,299.41854,299.2756185,299.4991247,301.7698437,0.516445313,15922.66048,
0,0.37410532,0.437572847,0.214232821,0.219795275,0.126260788,2.909642635,298.8334017,298.9696255,298.6495375,298.5833646,299.1192839,302.05,0.51,22316.40762,
0,0.34277525,0.346785057,0.223083848,0.161357351,0.163458372,2.486305508,298.9349586,299.1260618,298.6401488,298.7562952,299.2761542,302.1022017,0.502890625,19434.90076,
0,0.240508953,0.257671267,0.134575958,0.11985914,0.177087115,1.998359844,299.3092644,299.4219053,298.9878622,299.0171407,299.4149074,302.0642045,0.495625,16203.90816,
0,0.277122219,0.337695429,0.14241693,0.148914335,0.198553557,2.365103833,299.1902479,299.0937056,298.8980822,298.8356946,299.2492223,302.0191051,0.490546875,18551.96757,
0,0.317065439,0.324470859,0.163847699,0.122516862,0.6341066,3.168355395,298.8805843,298.7792001,298.5771582,298.5831106,299.0671931,302.05,0.49,21097.49724,
0,0.15137091,0.157000924,0.054450224,0.043281666,0.31595519,1.688573314,299.7304089,299.7041983,299.3085717,299.3570662,299.6234654,302.1824574,0.4925,13367.59997,
0,0.110908651,0.124896305,0.05106607,0.040782268,0.305629663,1.563796938,300.0593098,299.9854209,299.5542784,299.6081647,299.8219156,302.3482955,0.495,7965.07095,
0,0.291085442,0.276421777,0.21200298,0.185947778,0.194904346,2.353569245,299.6005814,299.4369593,298.9868891,299.0404776,299.5384671,302.4899858,0.4975,20181.05824,
0,0.439444437,0.332481712,0.225371037,0.194445423,0.189363233,2.83974878,298.8216816,298.7312844,298.5284141,298.5526443,299.1076384,302.55,0.5,24430.87045,
0,0.341576017,0.23470952,0.064999542,0.095520701,0.167878344,2.007964175,299.367351,299.3274168,299.2939561,299.2583467,299.4893909,302.55,0.5025,17451.29878,
0,0.248331183,0.198807394,0.063020305,0.096829264,0.174315985,1.788191444,299.7334136,299.5734246,299.4787572,299.4762778,299.6411949,302.55,0.505,16601.88136,
0,0.330311354,0.313671651,0.231552893,0.203238353,0.208232768,2.607506361,299.540082,299.1844837,298.9366983,299.1017937,299.4915066,302.55,0.5075,22262.79796,
0,0.400060098,0.269164192,0.174931687,0.167959018,0.175816534,2.48271008,299.2358111,299.113024,298.9767927,299.1407182,299.4319872,302.55,0.51,19870.74935,
0,0.263465235,0.12670968,0.050751173,0.083074777,0.257394382,1.776935872,299.8005842,299.8025695,299.6030995,299.7743786,299.810402,302.55,0.51046875,15529.24007,
0,0.304811104,0.207152951,0.168927437,0.181049791,0.252040416,2.312177937,299.6950287,299.5136158,299.2656453,299.5149706,299.675963,302.55,0.50875,22299.2883,
0,0.45679074,0.344677794,0.298935138,0.288597302,0.126817724,3.059439552,299.0045004,298.7317079,298.5859474,298.8931559,299.2314284,302.55,0.50765625,27894.73818,
0,0.384029164,0.231642315,0.136412537,0.200929411,0.159940357,2.433444212,299.1057539,299.0076984,298.9929361,299.1962525,299.297241,302.55,0.51,21231.37866,
0,0.209082842,0.126778147,0.051091186,0.143667915,0.152302605,1.716695983,299.8565216,299.7052689,299.6051419,299.8399012,299.7133944,302.55,0.515,16081.28671,
0,0.302852811,0.227735428,0.179846164,0.241628652,0.13548229,2.329510681,299.6402984,299.3756219,299.2461777,299.6313619,299.6001726,302.55,0.52,22407.9942,
0,0.435578678,0.298416176,0.250045997,0.309450247,0.067940272,2.836641842,299.025082,298.847845,298.7819598,299.177564,299.2608365,302.55,0.525,24740.63645,
0,0.308810591,0.156407783,0.093590047,0.234730149,0.107796048,2.112626644,299.5006458,299.4899197,299.4126646,299.6949634,299.5421458,302.55,0.53,18767.95497,
0,0.200000012,0.118218599,0.075935542,0.195087825,0.086722219,1.739798617,299.9534916,299.8429597,299.7020807,300.0776831,299.8055668,302.5208807,0.535,17535.52682,
0,0.303972441,0.288659583,0.284446073,0.224513009,0.197688222,2.552857031,299.5788012,299.1811771,298.9872354,299.906998,299.7083753,302.4306818,0.54,25567.8114,
0,0.430215922,0.302431646,0.271142566,0.364748739,0.028545521,2.896566231,298.9010466,298.7277054,298.6941887,299.1938935,299.1641864,302.275142,0.545,28035.04909,
0,0.294115847,0.141707257,0.067352088,0.325709903,0.075738748,2.219730994,299.2466568,299.2734528,299.323483,299.3955543,299.2236204,302.05,0.55,20907.84357,
0,0.207675867,0.132606229,0.090857854,0.224305634,0.029438238,1.766217902,299.6355212,299.5145215,299.4565111,299.8741759,299.5875312,301.6982955,0.562860577,16978.68852,
0,0.338897157,0.261149789,0.254737053,0.332742137,-0.026640292,2.410354911,299.2136161,298.9701106,298.8715695,299.5866365,299.4013905,301.2318182,0.585961538,22120.29926,
0,0.34938134,0.2195984,0.180941773,0.372666589,0.024075299,2.534716948,298.9217488,298.8352092,298.8418096,299.1636883,299.0889828,300.7494318,0.611081731,20041.88619,
0,0.168298768,0.075447756,0.051214552,0.248754918,-0.020601745,1.617215361,299.6106049,299.5765299,299.4612201,299.7854419,299.5264599,300.35,0.63,12990.69823,
0,0.19252666,0.152378131,0.155638128,0.232496269,-0.061218396,1.663041655,299.5910442,299.4057859,299.2295579,299.92911,299.6491879,300.0609375,0.637574519,12697.43372,
0,0.397198024,0.309601753,0.283463692,0.354429407,-0.010257854,2.763905301,298.8208294,298.5500573,298.5566237,299.2604978,299.1802598,299.8125,0.638788462,21575.20281,
0,0.304872393,0.177141818,0.113077963,0.387442599,0.026862841,2.387780514,298.7855789,298.7255415,298.7830676,298.8942746,298.8781916,299.5578125,0.640608173,17479.65303,
0,0.177397785,0.094557713,0.056977988,0.284868566,-0.120356547,1.562324367,299.2366529,299.1777908,299.104134,299.3418352,299.2096719,299.25,0.65,10399.08301,
0,0.00571786,0.005429816,0.005717856,0.004223193,-0.20238115,0.048212065,300.2028956,300.1248238,299.7971651,300.6924625,300.13754,298.857261,0.66965625,1468.655469,
0,0.01158479,0.011001197,0.01158479,0.008556487,-0.205666918,0.097681713,300.2908888,300.2157906,299.8975594,300.7641498,300.2313683,298.4110294,0.694416667,1499.673028,
0,0.016075815,0.015265983,0.016075815,0.011873542,-0.20778642,0.135550448,300.224117,300.1415791,299.8227541,300.6863792,300.1940723,297.9592831,0.71946875,1537.495523,
0,0.016253804,0.015435005,0.016253804,0.012005004,-0.210932851,0.137051311,300.2006058,300.122635,299.7989014,300.6536327,300.1869858,297.55,0.74,8768.093105,
0,0.000101499,9.64E-05,0.000101499,7.50E-05,-0.22075583,0.000855825,300.3067189,300.2672648,299.9382801,300.7609842,300.2676894,297.1922794,0.756183036,-5.03E-08,
0,0.000102733,9.76E-05,0.000102733,7.59E-05,-0.223089857,0.00086623,300.3068886,300.2762486,299.9538994,300.756265,300.2790749,296.8764706,0.770654762,-5.16E-08,
0,0.000104337,9.91E-05,0.000104337,7.71E-05,-0.224945558,0.000879751,300.2913105,300.2685117,299.9471211,300.7367936,300.2755553,296.6224265,0.782299107,-5.32E-08,
0,0.000105334,0.000100028,0.000105334,7.78E-05,-0.226159024,0.000888162,300.2740035,300.2576963,299.9370037,300.7148947,300.2674996,296.45,0.79,-5.42E-08,
0,0.000106224,0.000100873,0.000106224,7.85E-05,-0.226424074,0.00089566,300.257963,300.2465511,299.9272336,300.693056,300.2558547,296.4011719,0.791841518,-5.51E-08,
0,0.000107109,0.000101713,0.000107109,7.91E-05,-0.226022262,0.00090312,300.2442435,300.236084,299.9192368,300.6722355,300.2424255,296.4447917,0.789553571,-5.61E-08,
0,0.000107967,0.000102528,0.000107967,7.97E-05,-0.225657801,0.000910355,300.2314626,300.2260271,299.9124986,300.6522233,300.2295012,296.4910156,0.787488839,-5.70E-08,
0,0.000108799,0.000103319,0.000108799,8.04E-05,-0.226033829,0.000917375,300.2172876,300.2154295,299.9049027,300.6321585,300.2187406,296.45,0.79,-5.78E-08,
0,0.00010917,0.00010367,0.00010917,8.06E-05,-0.227159455,0.0009205,300.2010191,300.2036328,299.8955313,300.6114521,300.2092013,296.3347656,0.797148438,-5.82E-08,
0,0.000108238,0.000102785,0.000108238,7.99E-05,-0.228450497,0.00091264,300.1857598,300.1917477,299.8854207,300.5911831,300.2001605,296.215625,0.8053125,-5.72E-08,
0,0.00010717,0.000101772,0.00010717,7.92E-05,-0.229717026,0.00090364,300.1715055,300.1799659,299.8750144,300.5714312,300.1918109,296.0886719,0.813320313,-5.61E-08,
0,0.000106226,0.000100875,0.000106226,7.85E-05,-0.230768717,0.000895674,300.1573789,300.1679802,299.864143,300.5518551,300.1838491,295.95,0.82,-5.51E-08,
0,0.000105795,0.000100466,0.000105795,7.81E-05,-0.231585795,0.000892044,300.1429222,300.1553978,299.8525486,300.5320239,300.1758622,295.8015625,0.825234375,-5.47E-08,
0,0.000105612,0.000100292,0.000105612,7.80E-05,-0.232290571,0.000890499,300.1287284,300.142231,299.8402149,300.5119405,300.1678181,295.65,0.83,-5.45E-08,
0,0.000105676,0.000100353,0.000105676,7.81E-05,-0.23294755,0.000891038,300.1144623,300.1286774,299.8273516,300.4917585,300.1596167,295.4984375,0.834765625,-5.46E-08,
0,0.000105335,0.000100029,0.000105335,7.78E-05,-0.233646048,0.000888164,300.0995728,300.1151482,299.8142823,300.4718628,300.1512157,295.35,0.84,-5.42E-08,
0,0.000105319,0.000100014,0.000105319,7.78E-05,-0.234560245,0.000888029,300.0842611,300.1028372,299.8025774,300.4532707,300.1430995,295.209933,0.846796875,-5.42E-08,
0,0.000104972,9.97E-05,0.000104972,7.75E-05,-0.235671051,0.000885105,300.0695234,300.0912777,299.791531,300.4355858,300.1352499,295.0806548,0.855,-5.38E-08,
0,0.000104083,9.88E-05,0.000104083,7.69E-05,-0.236783164,0.000877609,300.055614,300.0801109,299.7804384,300.4186482,300.1276333,294.9610491,0.863203125,-5.29E-08,
0,0.000103104,9.79E-05,0.000103104,7.62E-05,-0.23770123,0.000869349,300.0425112,300.0693283,299.7693724,300.4023571,300.12025,294.85,0.87,-5.19E-08,
0,0.000101615,9.65E-05,0.000101615,7.51E-05,-0.238234522,0.000856797,300.0319204,300.0595629,299.7589773,300.3872801,300.1123316,294.7980042,0.874007812,-5.05E-08,
0,9.99E-05,9.49E-05,9.99E-05,7.38E-05,-0.238359999,0.000842207,300.026185,300.051672,299.7501807,300.373112,300.104305,294.8184874,0.8750625,-4.87E-08,
0,9.88E-05,9.38E-05,9.88E-05,7.30E-05,-0.238117518,0.000832944,300.0233332,300.0438864,299.7423435,300.3467423,300.0936664,294.8547269,0.873585938,-4.77E-08,
0,9.86E-05,9.36E-05,9.86E-05,7.28E-05,-0.237586685,0.000831067,300.0201733,300.0353519,299.7343698,300.3238394,300.0848504,294.85,0.87,-4.75E-08,
0,9.88E-05,9.38E-05,9.88E-05,7.29E-05,-0.236778885,0.000832718,300.0104246,300.0257347,299.7255132,300.3026178,300.0777995,294.7314338,0.864403846,-4.77E-08,
0,9.90E-05,9.40E-05,9.90E-05,7.31E-05,-0.235725535,0.000834925,299.9893916,300.0134571,299.7188617,300.2779121,300.0685381,294.5279412,0.857076923,-4.79E-08,
0,9.92E-05,9.42E-05,9.92E-05,7.33E-05,-0.234528108,0.000836664,299.9622937,299.9995114,299.7104162,300.2534884,300.0567697,294.3354779,0.848711538,-4.81E-08,
0,9.95E-05,9.45E-05,9.95E-05,7.35E-05,-0.23329087,0.00083924,299.9370889,299.9858224,299.7012273,300.235049,300.0437282,294.25,0.84,-4.84E-08,
0,0.000100232,9.52E-05,0.000100232,7.40E-05,-0.2316568,0.000845135,299.9208717,299.9747411,299.6931871,300.2314513,300.0324561,294.3302989,0.828621795,-4.91E-08,
0,0.000101466,9.64E-05,0.000101466,7.49E-05,-0.229350286,0.000855541,299.9154174,299.9677028,299.6882126,300.2442484,300.0262095,294.5141304,0.814145299,-5.03E-08,
0,0.000102311,9.72E-05,0.000102311,7.56E-05,-0.227071907,0.000862666,299.9166502,299.9629188,299.6854033,300.242254,300.0183705,294.7158967,0.800096154,-5.11E-08,
0,0.000103104,9.79E-05,0.000103104,7.62E-05,-0.225423458,0.000869348,299.9154377,299.9575698,299.6825275,300.2330769,300.0100312,294.85,0.79,-5.19E-08,
0,0.000104343,9.91E-05,0.000104343,7.71E-05,-0.226038647,0.000879798,299.9056392,299.9505008,299.6784106,300.2222075,300.0018142,294.8721547,0.79390625,-5.32E-08,
0,0.000105529,0.000100213,0.000105529,7.79E-05,-0.228871402,0.000889799,299.8914215,299.9417531,299.6726518,300.209809,299.993251,294.8373402,0.811527778,-5.44E-08,
0,0.0001063,0.000100945,0.0001063,7.85E-05,-0.231937534,0.000896294,299.8766238,299.933896,299.6672556,300.1973428,299.9845639,294.8088555,0.830885417,-5.52E-08,
0,0.000106223,0.000100872,0.000106223,7.85E-05,-0.233211832,0.00089565,299.8671666,299.9369718,299.6683606,300.1881813,299.979199,294.85,0.84,-5.51E-08,
0,0.000104252,9.90E-05,0.000104252,7.70E-05,-0.233076992,0.000879031,299.8697367,299.9580045,299.6800492,300.1859217,299.9810939,294.9894589,0.839005682,-5.31E-08,
0,0.000101163,9.61E-05,0.000101163,7.47E-05,-0.232632107,0.000852987,299.8859765,299.9962719,299.7017508,300.1904458,299.9908192,295.2164982,0.835681818,-5.00E-08,
0,9.93E-05,9.43E-05,9.93E-05,7.33E-05,-0.231748573,0.000837243,299.9111301,300.0469048,299.7297293,300.1846388,300.0012827,295.5352884,0.829517045,-4.82E-08,
0,9.90E-05,9.40E-05,9.90E-05,7.31E-05,-0.230258476,0.000834541,299.9391295,300.1029879,299.7610153,300.1888029,300.0135626,295.95,0.82,-4.79E-08,
0,9.93E-05,9.43E-05,9.93E-05,7.33E-05,-0.227993502,0.000837243,299.9658793,300.1657544,299.7994403,300.2019872,300.0262122,296.4731445,0.805795455,-4.82E-08,
0,1.00E-04,9.49E-05,1.00E-04,7.38E-05,-0.225243152,0.000842897,299.9963358,300.2486013,299.8413925,300.2241574,300.0457864,297.0643229,0.788484848,-4.88E-08,
0,0.000100807,9.57E-05,0.000100807,7.45E-05,-0.2226291,0.000849983,300.0336711,300.343751,299.8847834,300.2540263,300.0729983,297.6483398,0.771931818,-4.97E-08,
0,0.00010154,9.64E-05,0.00010154,7.50E-05,-0.220772494,0.000856165,300.0762671,300.4488961,299.9288813,300.2871799,300.1079957,298.15,0.76,-5.04E-08,
0,0.135799291,0.128958292,0.135799291,0.100300894,-0.057282591,1.145890193,299.5069996,299.8191848,299.2846086,299.6624093,299.7927954,298.5832031,0.753875,7348.731464,
0,0.336836475,0.319868064,0.336836475,0.248786272,0.208229792,2.853155736,298.5708751,298.8113725,298.3479678,298.6604066,299.160507,299.0114583,0.750333333,24810.87015,
0,0.338748581,0.397559322,0.265825945,0.314938586,0.110151051,3.012988048,298.1401201,298.2263375,298.0912294,298.0277744,298.5744115,299.4339844,0.746625,27439.96699,
0,0.269145236,0.329719351,0.202825775,0.264694269,0.246553381,2.865184966,298.2191941,298.3534101,298.1666024,298.0700682,298.5643042,299.85,0.74,23103.00764,
0,0.138020922,0.22198854,0.051613137,0.150481878,-0.092884897,1.459623778,299.0414273,299.2565397,299.0578585,298.953923,299.1480195,300.26875,0.73025,13854.29646,
0,0.051334117,0.051263171,0.05133411,0.040980802,-0.119760513,0.531810879,299.9222041,300.4448322,299.7095772,299.9808837,299.9968753,300.6875,0.719666667,9642.035708,
0,0.050800198,0.076463671,0.050800198,0.040586387,-0.075879317,0.665812273,300.3144787,300.7466902,300.1281043,300.3233277,300.2768921,301.0875,0.70925,7863.230971,
0,0.250409867,0.237795267,0.208800097,0.184951874,0.091086871,2.074814181,299.8671398,300.3124859,299.6612287,299.8492236,300.0665794,301.45,0.7,20234.9177,
0,0.435899694,0.474700894,0.366053626,0.325142188,-0.041058517,3.163167912,298.8611777,299.0796371,298.7303403,298.7745844,299.3000307,301.7587776,0.6921875,36359.21434,
0,0.434843751,0.498682034,0.358164453,0.324898042,0.042509702,3.389995567,298.5698073,298.6573336,298.447367,298.4239691,298.9889349,302.0275735,0.685,38580.70784,
0,0.314357286,0.360466075,0.232747114,0.248156143,0.132879691,2.729844509,298.7774582,298.8544715,298.6822626,298.5461615,298.9941726,302.2825827,0.6778125,32530.55003,
0,0.228555069,0.25137875,0.145466188,0.174921265,0.102781813,2.060943842,299.1884669,299.3651589,299.1013757,298.96024,299.2807144,302.55,0.67,22205.28716,
0,0.125183654,0.198261429,0.050734113,0.072486209,0.081428437,1.450189483,299.914521,299.9819201,299.807675,299.7593404,299.7854618,302.8963235,0.660625,13321.64951,
0,0.078912133,0.15574809,0.05064633,0.040472525,0.072368415,1.158265305,300.4672069,300.5281229,300.2101921,300.2855063,300.2130194,303.2911765,0.65,14702.59481,
0,0.267873888,0.254379524,0.229751698,0.186011705,0.108567508,2.150692878,300.0433684,300.2145263,299.636515,299.7482167,300.0282443,303.6154412,0.639375,26774.85304,
0,0.473571914,0.426663319,0.374789305,0.310423641,0.046027446,3.233824093,299.1024759,299.1771371,298.835347,298.8435601,299.4011101,303.75,0.63,37635.43208,
0,0.467052551,0.450188041,0.328380488,0.27752587,0.092047883,3.290129168,298.8954551,298.8120865,298.7207449,298.6833874,299.1807772,303.75,0.62265625,38545.80175,
0,0.376328757,0.355404667,0.266000498,0.238843296,0.149810373,2.849183689,299.0462686,298.9412503,298.819648,298.7338018,299.1837298,303.75,0.617083333,34789.37242,
0,0.361594123,0.323892861,0.23501511,0.233003992,0.139831902,2.699295481,299.1036749,298.9858617,298.9076771,298.7453422,299.1826935,303.75,0.61296875,33005.93792,
0,0.308287982,0.285600474,0.182426434,0.167355009,0.632334064,3.237957604,299.1176121,298.8984092,298.8954647,298.764626,299.1247298,303.75,0.61,30822.671,
0,0.138914567,0.104422203,0.053895268,0.042871922,0.255408947,1.501788371,300.1036404,300.0294508,299.8097251,299.8150349,299.8773977,303.75,0.60953125,12242.64054,
0,0.133115732,0.050874349,0.050924927,0.040678178,0.210730756,1.30737384,300.4511768,300.4967489,300.1263374,300.1545249,300.1901174,303.75,0.61125,10391.8641,
0,0.266110033,0.252704524,0.266110033,0.196547963,0.150169404,2.250187906,299.9828995,299.6615307,299.3593715,299.4496652,299.7935258,303.75,0.61234375,29297.58682,
0,0.513134661,0.424311374,0.38892115,0.303547273,0.175175214,3.56082932,299.0497553,298.7086323,298.6430733,298.6770819,299.2551443,303.75,0.61,40264.23486,
0,0.469071431,0.308693334,0.25057954,0.211221028,0.104264348,2.773393988,299.168943,299.0517764,299.0503111,299.0622603,299.4131071,303.921875,0.605,34002.93222,
0,0.380944243,0.2420368,0.181702798,0.187387164,0.166737005,2.446069311,299.4046219,299.2703524,299.2868092,299.2224826,299.462597,304.3,0.6,31332.40033,
0,0.39968894,0.287160573,0.23883417,0.217013316,0.169124592,2.699884233,299.3761067,299.1137426,299.1349652,299.1645769,299.4194954,304.678125,0.595,30837.46627,
0,0.329535828,0.167026872,0.136948789,0.134384694,0.201547281,2.043894881,299.7576397,299.7203738,299.6469675,299.7290764,299.7727484,304.85,0.59,22344.85324,
0,0.216862344,0.050537349,0.050570199,0.068527896,0.199029746,1.457938675,300.4185265,300.5076014,300.2962072,300.4109737,300.2516915,304.85,0.585,14252.79302,
0,0.296001652,0.263307476,0.272559946,0.218625811,0.194988905,2.462990699,300.1109272,299.6318529,299.509308,299.8123601,299.8817092,304.85,0.58,31451.7598,
0,0.55614846,0.461631074,0.472232784,0.393604394,0.117236575,3.872063205,299.224396,298.7427364,298.7401906,298.9802204,299.3758858,304.85,0.575,41923.74156,
0,0.520777374,0.314606384,0.311152056,0.316250871,0.138991155,3.260254331,299.1050374,298.9765989,298.977796,299.0822617,299.3368367,304.85,0.57,37480.08382,
0,0.391556797,0.22891041,0.212879137,0.25372625,0.191523161,2.680453572,299.3648683,299.2347291,299.2514254,299.3239439,299.4170011,304.85,0.565,32430.69099,
0,0.41113017,0.294286442,0.281436523,0.287810041,0.159959198,2.9065356,299.2930976,299.0079429,299.0619708,299.2533388,299.3583112,304.85,0.56,32692.6881,
0,0.365214151,0.189176902,0.1859646,0.226739138,0.12814871,2.324623957,299.4872753,299.4619831,299.4441252,299.6178336,299.5744209,304.85,0.555,23720.55116,
0,0.228153619,0.050892834,0.052753172,0.140836073,0.136347075,1.574038487,300.2288587,300.3658125,300.2495983,300.3856101,300.0906841,304.85,0.55,21282.88292,
0,0.282271013,0.214945946,0.223959957,0.245593348,0.121155928,2.258709209,300.0713208,299.7620359,299.7163516,300.098205,299.9027953,304.7050272,0.555625,28333.89973,
0,0.494503349,0.418916254,0.445361643,0.40327525,0.077731441,3.538597328,299.1595525,298.7071186,298.773366,299.1759036,299.3301292,304.3717391,0.575,38422.83303,
0,0.478923778,0.318998585,0.34225378,0.376601009,0.0972042,3.235432927,299.0397538,298.8558565,298.8958706,299.1275563,299.2581304,304.0025815,0.596875,35914.73775,
0,0.326990889,0.219414384,0.222051739,0.28587138,0.129167479,2.481315273,299.4117459,299.2104833,299.2590692,299.4481356,299.4167728,303.75,0.61,29532.21198,
0,0.367470995,0.283538675,0.292448936,0.317845689,0.10176432,2.753351139,299.2095319,298.8942519,298.9776669,299.2683114,299.2894405,303.6961957,0.615,31692.17738,
0,0.357903572,0.203652734,0.223774009,0.284166298,0.065608034,2.38786434,299.2023845,299.1485827,299.1585535,299.3711716,299.349223,303.75,0.62,22937.29282,
0,0.178243995,0.050997696,0.05105496,0.165186774,0.014582024,1.393709611,300.0565789,300.1102742,300.0542547,300.2092826,299.8938773,303.8038043,0.625,17451.79483,
0,0.187052866,0.12539496,0.130059101,0.205423551,0.016140818,1.666639175,299.9654757,299.7871035,299.7650429,300.0098959,299.7679449,303.75,0.63,15210.81906,
0,0.342797554,0.325528849,0.342797554,0.253189105,0.159264655,2.758499262,299.2091991,298.7317874,298.8448095,299.4036132,299.3700962,303.5230435,0.635,32031.75675,
0,0.399203555,0.277950631,0.304825786,0.332623911,0.029107268,2.715146892,298.682352,298.4783701,298.5565539,298.7762564,298.9366288,303.1882609,0.64,30858.47752,
0,0.290381171,0.207883658,0.224547583,0.279102382,0.076341061,2.271271987,298.8898682,298.6620127,298.7164984,298.850117,298.972852,302.8343478,0.645,24741.5898,
0,0.260980917,0.199113791,0.210155775,0.248262548,0.002629476,2.000593985,298.9629226,298.7068672,298.7559756,298.981037,299.0448626,302.55,0.65,19796.83982,
0,0.008199317,0.007786269,0.008199316,0.006055987,-0.197270357,0.069135253,300.5141735,300.338361,300.1498653,300.7016282,300.182379,302.4726563,0.64953125,1479.124214,
0,0.014099407,0.013389138,0.014099407,0.010413774,-0.196392476,0.118884858,300.6552244,300.4778667,300.3040009,300.8331156,300.3033314,302.56375,0.64375,1519.271167,
0,0.016231367,0.015413699,0.016231367,0.011988432,-0.194895906,0.136861883,300.6529623,300.4718001,300.2995409,300.8216076,300.2993726,302.6479687,0.64109375,1539.012264,
0,0.016262283,0.015443058,0.016262283,0.012011267,-0.196396307,0.137122593,300.6698846,300.494636,300.3201817,300.8331117,300.3167788,302.55,0.65,1539.198456,
0,0.000107856,0.000102423,0.000107856,7.97E-05,-0.207949543,0.000909426,300.8158112,300.6789271,300.4925311,300.9846608,300.4392017,301.9358635,0.675608836,-5.68E-08,
0,0.00010134,9.62E-05,0.00010134,7.48E-05,-0.214108647,0.00085448,300.8150237,300.6979261,300.5163092,300.992023,300.4792201,300.8848026,0.712456897,-5.02E-08,
0,9.97E-05,9.47E-05,9.97E-05,7.37E-05,-0.220654884,0.00084086,300.7977076,300.6947224,300.5136521,300.9720553,300.5011404,299.8413405,0.753076509,-4.86E-08,
0,1.00E-04,9.49E-05,1.00E-04,7.38E-05,-0.22659975,0.000842872,300.7859232,300.6887654,300.5075441,300.9538204,300.5101068,299.25,0.79,-4.88E-08,
0,9.93E-05,9.43E-05,9.93E-05,7.33E-05,-0.232791445,0.000837031,300.7747303,300.6826306,300.5015196,300.9419019,300.5083668,299.0533044,0.828485991,-4.82E-08,
0,0.000100842,9.58E-05,0.000100842,7.45E-05,-0.238597245,0.000850283,300.7605143,300.6767685,300.496742,300.9373616,300.5062392,298.9009171,0.870043103,-4.97E-08,
0,0.000105928,0.000100592,0.000105928,7.82E-05,-0.242964713,0.000893165,300.745947,300.6699495,300.4916181,300.9349302,300.5026856,298.7980712,0.901578664,-5.48E-08,
0,0.000109536,0.000104018,0.000109536,8.09E-05,-0.244111916,0.000923584,300.7323256,300.6620929,300.485925,300.9220107,300.4948328,298.75,0.91,-5.86E-08,
0,0.000111345,0.000105736,0.000111345,8.22E-05,-0.243051452,0.000938839,300.7203732,300.654464,300.4805126,300.9091732,300.4867468,298.7276278,0.9025,-6.06E-08,
0,0.000113043,0.000107348,0.000113043,8.35E-05,-0.241991029,0.000953152,300.7083915,300.6466657,300.4749381,300.89637,300.4784859,298.7092803,0.895,-6.24E-08,
0,0.00011458,0.000108808,0.00011458,8.46E-05,-0.240930696,0.000966111,300.6965228,300.6387216,300.4692169,300.8836206,300.469591,298.7112926,0.8875,-6.41E-08,
0,0.000115882,0.000110044,0.000115882,8.56E-05,-0.239871002,0.000977091,300.6855417,300.6309769,300.4637207,300.8712426,300.4599507,298.75,0.88,-6.56E-08,
0,0.000117103,0.000111204,0.000117103,8.65E-05,-0.238715007,0.000987387,300.6762284,300.6238549,300.4589087,300.8596259,300.4494429,298.8433949,0.871796875,-6.70E-08,
0,0.000118279,0.000112321,0.000118279,8.74E-05,-0.237495531,0.000997305,300.6687445,300.6175798,300.4550539,300.8489632,300.4386416,298.9782197,0.863125,-6.84E-08,
0,0.000118968,0.000112975,0.000118968,8.79E-05,-0.236407722,0.001003113,300.6629433,300.6121,300.4520626,300.8392179,300.428439,299.1239347,0.855390625,-6.92E-08,
