timestamp,sim_hours,P_A_kW,comfort_violation_A_degCh,T_core_A,T_east_A,T_north_A,T_south_A,T_west_A,V_core_A,V_east_A,V_north_A,V_south_A,V_west_A,scheduled_vars_A,under_attack_A,bcp_A,bahu_A,Tsa_A,Vcore_A,P_B_kW,SOC_B,TES_mode_B,comfort_violation_B_degCh,T_core_B,T_east_B,T_north_B,T_south_B,T_west_B,V_core_B,V_east_B,V_north_B,V_south_B,V_west_B,scheduled_vars_B,under_attack_B,P_total_kW,feeder_capacity_kW,feeder_utilization_pct,feeder_margin_kW,feeder_violated,attack_active,attack_name
18316800,0.0,5.452302360683155e-11,0.0,23.90072788724399,23.739433849327384,23.719410565016233,23.71938361486383,23.694227194322252,0.0005010899102479942,0.00010031414190913588,0.00010563562203548988,0.00010563562203548988,7.802211037377234e-05,"bcp,bahu",False,0,0,13.0,0.5,7.711863630520623,0.5345110042363757,-1,0.0,24.012538799362744,23.89148261044187,23.811772606722002,23.896054209181898,23.902394047657594,0.00045391307573986524,9.086972170652175e-05,9.569019276818501e-05,9.569019276818501e-05,7.067645021618356e-05,uMod,False,7.711863630575146,30.0,25.706212101917153,22.288136369424855,False,False,
18317700,0.25,4.971037386299187e-11,0.0,23.96109109014509,23.854554303222244,23.84854152479477,23.781085427243625,23.849164627426205,0.00047846401932735006,9.578462178466868e-05,0.00010086581922639289,0.00010086581922639271,7.449915027696446e-05,"bcp,bahu",False,0,0,13.0,0.5,7.711863630520623,0.5345110042363757,-1,0.0,24.012538799362744,23.89148261044187,23.811772606722002,23.896054209181898,23.902394047657594,0.00045391307573986524,9.086972170652175e-05,9.569019276818501e-05,9.569019276818501e-05,7.067645021618356e-05,uMod,False,7.711863630570334,30.0,25.70621210190111,22.288136369429665,False,False,
18318600,0.5,4.9936858196984526e-11,0.0,23.996432911793192,23.826552776598078,23.87544628975172,23.874958330133836,23.892570427142743,0.00047955282211810163,9.600259129911176e-05,0.00010109535161488701,0.00010109535160691987,7.466868207770468e-05,"bcp,bahu",False,0,0,13.0,0.5,7.711863630520623,0.5345110042363757,-1,0.0,24.012538799362744,23.89148261044187,23.811772606722002,23.896054209181898,23.902394047657594,0.00045391307573986524,9.086972170652175e-05,9.569019276818501e-05,9.569019276818501e-05,7.067645021618356e-05,uMod,False,7.71186363057056,30.0,25.706212101901865,22.288136369429438,False,False,
18319500,0.75,5.4408172896575005e-11,0.0,24.01403128215037,23.894706943718916,23.81389063193143,23.89945585589561,23.907563662643213,0.0005005620837746279,0.00010020847532580817,0.00010552435003327319,0.00010552435003283106,7.793992525182454e-05,"bcp,bahu",False,0,0,13.0,0.5,7.711863630520623,0.5345110042363757,-1,0.0,24.012538799362744,23.89148261044187,23.811772606722002,23.896054209181898,23.902394047657594,0.00045391307573986524,9.086972170652175e-05,9.569019276818501e-05,9.569019276818501e-05,7.067645021618356e-05,uMod,False,7.711863630575031,30.0,25.70621210191677,22.28813636942497,False,False,
18320400,1.0,5.275904386134961e-11,0.0,24.018906289559084,23.864912362311372,23.829767403041274,23.90592543073018,23.91430070622664,0.0004929177878874771,9.867814919524152e-05,0.0001039128429268942,0.00010391284292689437,7.674967159629895e-05,"bcp,bahu",False,0,0,13.0,0.5,7.711820490602171,0.5704984542763724,-1,0.0,24.002121631774344,23.874236294329762,23.77476666218689,23.866803245346375,23.865720365457605,0.00045415089813757327,9.091733182451747e-05,9.574032851508924e-05,9.574032851508903e-05,7.071348030795831e-05,uMod,False,7.7118204906549295,30.0,25.7060683021831,22.28817950934507,False,False,
18321300,1.25,5.473327035068432e-11,0.0,24.01802013539566,23.87363090743827,23.887440095179045,23.825858667736895,23.90608667734608,0.0005020554254155569,0.00010050743022636958,0.00010583916394129245,0.00010583916394129268,7.81724457316201e-05,"bcp,bahu",False,0,0,13.0,0.5,7.711820490602171,0.5704984542763724,-1,0.0,24.002121631774344,23.874236294329762,23.77476666218689,23.866803245346375,23.865720365457605,0.00045415089813757327,9.091733182451747e-05,9.574032851508924e-05,9.574032851508903e-05,7.071348030795831e-05,uMod,False,7.711820490656904,30.0,25.706068302189678,22.288179509343095,False,False,
18322200,1.5,4.9210903127553074e-11,0.0,24.01393542262639,23.89388816768411,23.871698840729607,23.868667326033687,23.823258668653125,0.00047605454538319884,9.530226461338137e-05,0.00010035787389786724,0.00010035787389821337,7.412398358897776e-05,"bcp,bahu",False,0,0,13.0,0.5,7.711820490602171,0.5704984542763724,-1,0.0,24.002121631774344,23.874236294329762,23.77476666218689,23.866803245346375,23.865720365457605,0.00045415089813757327,9.091733182451747e-05,9.574032851508924e-05,9.574032851508903e-05,7.071348030795831e-05,uMod,False,7.711820490651382,30.0,25.706068302171275,22.288179509348616,False,False,
18323100,1.75,5.493984843653669e-11,0.0,24.007326813716247,23.883898894061076,23.778051094765203,23.87435552948324,23.87460709410982,0.0005030021212825054,0.00010069695107205294,0.00010603873851808566,0.00010603873851769369,7.831985083378368e-05,"bcp,bahu",False,0,0,13.0,0.5,7.711820490602171,0.5704984542763724,-1,0.0,24.002121631774344,23.874236294329762,23.77476666218689,23.866803245346375,23.865720365457605,0.00045415089813757327,9.091733182451747e-05,9.574032851508924e-05,9.574032851508903e-05,7.071348030795831e-05,uMod,False,7.711820490657111,30.0,25.70606830219037,22.28817950934289,False,False,
18324000,2.0,5.4303882155369626e-11,0.0,23.995688954674165,23.86795988497397,23.753696968916245,23.861026323506564,23.866444650894664,0.0005000824166587317,0.00010011244985186249,0.00010542323058664725,0.00010542323058669,7.786523877365809e-05,"bcp,bahu",False,0,0,13.0,0.5,7.711715963994846,0.6064859043164749,-1,0.0,23.97023830305858,23.83227149853883,23.721045051026977,23.824654320177956,23.83161330686778,0.0004523941264208835,9.056564035421168e-05,9.53699804612341e-05,9.536998046123323e-05,7.043994249772073e-05,uMod,False,7.71171596404915,30.0,25.70571988016383,22.288284035950852,False,False,
18324900,2.25,5.322562080167879e-11,0.0,23.98694903603473,23.8570199961203,23.740749479443025,23.849772290504916,23.85624987740158,0.0004950927377170675,9.91135565370997e-05,0.00010437134782482006,0.00010437134782485657,7.708832175107804e-05,"bcp,bahu",False,0,0,13.0,0.5,7.711715963994846,0.6064859043164749,-1,0.0,23.97023830305858,23.83227149853883,23.721045051026977,23.824654320177956,23.83161330686778,0.0004523941264208835,9.056564035421168e-05,9.53699804612341e-05,9.536998046123323e-05,7.043994249772073e-05,uMod,False,7.7117159640480715,30.0,25.70571988016024,22.28828403595193,False,False,
18325800,2.5,5.204657225035892e-11,0.0,23.98042433324315,23.848659392281263,23.731468709915816,23.840394618046957,23.847871773078225,0.0004895784371435416,9.800963822029928e-05,0.00010320886867833161,0.00010320886867807753,7.622971861581702e-05,"bcp,bahu",False,0,0,13.0,0.5,7.711715963994846,0.6064859043164749,-1,0.0,23.97023830305858,23.83227149853883,23.721045051026977,23.824654320177956,23.83161330686778,0.0004523941264208835,9.056564035421168e-05,9.53699804612341e-05,9.536998046123323e-05,7.043994249772073e-05,uMod,False,7.711715964046892,30.0,25.70571988015631,22.288284035953108,False,False,
18326700,2.75,5.091003189608556e-11,0.0,23.9753769921233,23.841911701903825,23.724546056104032,23.83240153631914,23.840891978685875,0.00048420348686104014,9.693361670330685e-05,0.00010207576620531794,0.00010207576620531477,7.539281299147292e-05,"bcp,bahu",False,0,0,13.0,0.5,7.711715963994846,0.6064859043164749,-1,0.0,23.97023830305858,23.83227149853883,23.721045051026977,23.824654320177956,23.83161330686778,0.0004523941264208835,9.056564035421168e-05,9.53699804612341e-05,9.536998046123323e-05,7.043994249772073e-05,uMod,False,7.711715964045756,30.0,25.70571988015252,22.288284035954245,False,False,
18327600,3.0,4.980268111494454e-11,0.0,23.97113521593019,23.835908453385514,23.719114234696633,23.82503717492949,23.834550301523564,0.0004789085503628532,9.587361329788216e-05,0.00010095953157518043,0.00010095953157529082,7.456836589837321e-05,"bcp,bahu",False,0,0,13.0,0.5,7.711255210582501,0.6424733543566806,-1,0.0,23.950811805734986,23.80102423188015,23.700533569729203,23.787156264981377,23.788092291835937,0.00045063974617202577,9.021442763639927e-05,9.500013655680519e-05,9.50001365568074e-05,7.01667770505326e-05,uMod,False,7.711255210632304,30.0,25.704184035441013,22.288744789367698,False,False,
18328500,3.25,4.8815118420609003e-11,0.0,23.966716899192647,23.828436418051638,23.71359471636373,23.816086825550883,23.826675166864845,0.0004741365037330394,9.491828820949078e-05,9.995352825347896e-05,9.995352825361489e-05,7.382533527403928e-05,"bcp,bahu",False,0,0,13.0,0.5,7.711255210582501,0.6424733543566806,-1,0.0,23.950811805734986,23.80102423188015,23.700533569729203,23.787156264981377,23.788092291835937,0.00045063974617202577,9.021442763639927e-05,9.500013655680519e-05,9.50001365568074e-05,7.01667770505326e-05,uMod,False,7.711255210631316,30.0,25.70418403543772,22.288744789368685,False,False,
18329400,3.5,4.7992908856921845e-11,0.0,23.9615308819221,23.819073754844624,23.70795630731709,23.80520462150548,23.81606746202766,0.00047012650665978,9.411551927073216e-05,9.910817390395984e-05,9.910817390393177e-05,7.320095943279598e-05,"bcp,bahu",False,0,0,13.0,0.5,7.711255210582501,0.6424733543566806,-1,0.0,23.950811805734986,23.80102423188015,23.700533569729203,23.787156264981377,23.788092291835937,0.00045063974617202577,9.021442763639927e-05,9.500013655680519e-05,9.50001365568074e-05,7.01667770505326e-05,uMod,False,7.711255210630494,30.0,25.70418403543498,22.288744789369506,False,False,
18330300,3.75,4.73388965740937e-11,0.0,23.95477221729584,23.808479760498187,23.704794106660188,23.793382464237823,23.789584212757234,0.00046691222292998203,9.347204569936281e-05,9.84305652467976e-05,9.84305652469564e-05,7.270047998825684e-05,"bcp,bahu",False,0,0,13.0,0.5,7.711255210582501,0.6424733543566806,-1,0.0,23.950811805734986,23.80102423188015,23.700533569729203,23.787156264981377,23.788092291835937,0.00045063974617202577,9.021442763639927e-05,9.500013655680519e-05,9.50001365568074e-05,7.01667770505326e-05,uMod,False,7.71125521062984,30.0,25.704184035432803,22.28874478937016,False,False,
18331200,4.0,5.020686718512863e-11,0.0,23.947213228124497,23.792883270358345,23.74197541831927,23.77898244412063,23.726213602085863,0.0004808478853504844,9.626185245672388e-05,0.0001013683661047588,0.00010136836610454523,7.487032968833622e-05,"bcp,bahu",False,0,0,13.0,0.5,7.711144610925643,0.678460804396508,-1,0.0,23.92764411513963,23.756892215083553,23.662444178204566,23.74477124470809,23.761551314794474,0.0004517854541066219,9.044378908628431e-05,9.524166520838477e-05,9.524166520838424e-05,7.034516928933231e-05,uMod,False,7.71114461097585,30.0,25.703815369919504,22.28885538902415,False,False,
18332100,4.25,4.93059597649508e-11,0.0,23.94119714093472,23.783208065417,23.759527961238405,23.691583917304115,23.76729418224693,0.00047651423427744926,9.539429060740454e-05,0.00010045478170125789,0.00010045478170201682,7.419555936223279e-05,"bcp,bahu",False,0,0,13.0,0.5,7.711144610925643,0.678460804396508,-1,0.0,23.92764411513963,23.756892215083553,23.662444178204566,23.74477124470809,23.761551314794474,0.0004517854541066219,9.044378908628431e-05,9.524166520838477e-05,9.524166520838424e-05,7.034516928933231e-05,uMod,False,7.71114461097495,30.0,25.703815369916498,22.288855389025052,False,False,
18333000,4.5,4.812782614866641e-11,0.0,23.93580334426821,23.708608585500087,23.743736782070187,23.74526613650721,23.773433274791614,0.0004707868404381426,9.424771274568227e-05,9.924737999840273e-05,9.924737999834515e-05,7.330377657971382e-05,"bcp,bahu",False,0,0,13.0,0.5,7.711144610925643,0.678460804396508,-1,0.0,23.92764411513963,23.756892215083553,23.662444178204566,23.74477124470809,23.761551314794474,0.0004517854541066219,9.044378908628431e-05,9.524166520838477e-05,9.524166520838424e-05,7.034516928933231e-05,uMod,False,7.711144610973771,30.0,25.70381536991257,22.288855389026228,False,False,
18333900,4.75,4.9488633007874424e-11,0.0,23.932439935025627,23.764922634866537,23.666316652463593,23.7521147159228,23.770452771029852,0.0004773961670218779,9.557084640117481e-05,0.0001006407034532836,0.00010064070345336787,7.433288053428655e-05,"bcp,bahu",False,0,0,13.0,0.5,7.711144610925643,0.678460804396508,-1,0.0,23.92764411513963,23.756892215083553,23.662444178204566,23.74477124470809,23.761551314794474,0.0004517854541066219,9.044378908628431e-05,9.524166520838477e-05,9.524166520838424e-05,7.034516928933231e-05,uMod,False,7.711144610975132,30.0,25.703815369917105,22.288855389024867,False,False,
18334800,5.0,4.826183893434506e-11,0.0,23.93136803372863,23.742581897562104,23.690359888354408,23.753940198241196,23.77263226988265,0.00047144192761300384,9.437885589251246e-05,9.938548004760868e-05,9.938548004760868e-05,7.340577680528743e-05,"bcp,bahu",False,0,0,13.0,0.5,7.711357954532268,0.714448254436586,-1,0.0,23.954861964415727,23.87237146083686,23.74450024421202,23.7797595789188,23.790797886027406,0.00045079931410310213,9.02463718439285e-05,9.503377534560061e-05,9.503377534560056e-05,7.019162254527781e-05,uMod,False,7.71135795458053,30.0,25.704526515268434,22.288642045419472,False,False,
18335700,5.25,4.7714056587383374e-11,0.0,23.93558514852549,23.76041619148714,23.752068411022265,23.713897826155915,23.775158934119247,0.00046875874176187675,9.38417038148786e-05,9.881983304370752e-05,9.881983304379045e-05,7.298799185595103e-05,"bcp,bahu",False,0,0,13.0,0.5,7.711357954532268,0.714448254436586,-1,0.0,23.954861964415727,23.87237146083686,23.74450024421202,23.7797595789188,23.790797886027406,0.00045079931410310213,9.02463718439285e-05,9.503377534560061e-05,9.503377534560056e-05,7.019162254527781e-05,uMod,False,7.711357954579982,30.0,25.704526515266608,22.28864204542002,False,False,
18336600,5.5,4.732317219188145e-11,0.0,23.944327207860113,23.813399823307293,23.771279045167717,23.751710490912217,23.743317413013187,0.0004668346844919023,9.345652313193363e-05,9.841421923616745e-05,9.841421923446284e-05,7.268840688026278e-05,"bcp,bahu",False,0,0,13.0,0.5,7.711357954532268,0.714448254436586,-1,0.0,23.954861964415727,23.87237146083686,23.74450024421202,23.7797595789188,23.790797886027406,0.00045079931410310213,9.02463718439285e-05,9.503377534560061e-05,9.503377534560056e-05,7.019162254527781e-05,uMod,False,7.711357954579591,30.0,25.704526515265304,22.28864204542041,False,False,
18337500,5.75,4.754381427553386e-11,0.0,23.95999813204247,23.881022309015577,23.748721447253956,23.786959804020682,23.79839203735662,0.0004679217034956177,9.367413553300696e-05,9.864337557341235e-05,9.864337557363689e-05,7.285766097013368e-05,"bcp,bahu",False,0,0,13.0,0.5,7.711357954532268,0.714448254436586,-1,0.0,23.954861964415727,23.87237146083686,23.74450024421202,23.7797595789188,23.790797886027406,0.00045079931410310213,9.02463718439285e-05,9.503377534560061e-05,9.503377534560056e-05,7.019162254527781e-05,uMod,False,7.711357954579812,30.0,25.70452651526604,22.28864204542019,False,False,
18338400,6.0,4.498791931121504e-09,0.0,23.974658892815057,23.99258116079136,23.75932507355219,23.81122998571965,23.827550894338117,0.004551700693226585,0.0009112136161959592,0.0009595518171585508,0.0009595518171585508,0.0007087217014214268,"bcp,bahu",False,0,0,13.0,0.5,7.711721801081758,0.7504357044766572,-1,0.0,24.049938867604453,24.292646475416007,23.88092804140541,23.891006759144943,23.968947322698625,0.0004517568848270645,9.043806974788991e-05,9.523564246964215e-05,9.523564246964089e-05,7.034072091502553e-05,uMod,False,7.71172180558055,30.0,25.705739351935165,22.28827819441945,False,False,
18339300,6.25,6.702530868577827e-09,0.0,23.992901897605293,24.11986108713836,23.789809873723016,23.836820821228912,23.86552762401425,0.005555781015023532,0.0011122223651060343,0.001171223709283951,0.001171223709283951,0.0008650618394979603,"bcp,bahu",False,0,0,13.0,0.5,7.711721801081758,0.7504357044766572,-1,0.0,24.049938867604453,24.292646475416007,23.88092804140541,23.891006759144943,23.968947322698625,0.0004517568848270645,9.043806974788991e-05,9.523564246964215e-05,9.523564246964089e-05,7.034072091502553e-05,uMod,False,7.711721807784289,30.0,25.705739359280965,22.28827819221571,False,False,
18340200,6.5,9.573140308231442e-09,0.0,24.01973747796154,24.212714841666468,23.8300639439081,23.868109279987948,23.917089534184242,0.0066397686362988425,0.0013292279081763615,0.0013997409959862058,0.0013997409959862058,0.0010338439285710987,"bcp,bahu",False,0,0,13.0,0.5,7.711721801081758,0.7504357044766572,-1,0.0,24.049938867604453,24.292646475416007,23.88092804140541,23.891006759144943,23.968947322698625,0.0004517568848270645,9.043806974788991e-05,9.523564246964215e-05,9.523564246964089e-05,7.034072091502553e-05,uMod,False,7.711721810654899,30.0,25.705739368849663,22.2882781893451,False,False,
18341100,6.75,4.7373100340772894e-09,0.0,24.05312592931415,24.29376191458482,23.88390828212266,23.912135497510747,23.974904404683002,0.004670805278578139,0.0009350573898196036,0.000984660458960992,0.000984660458960992,0.0007272668587463961,"bcp,bahu",False,0,0,13.0,0.5,7.711721801081758,0.7504357044766572,-1,0.0,24.049938867604453,24.292646475416007,23.88092804140541,23.891006759144943,23.968947322698625,0.0004517568848270645,9.043806974788991e-05,9.523564246964215e-05,9.523564246964089e-05,7.034072091502553e-05,uMod,False,7.711721805819068,30.0,25.705739352730227,22.288278194180933,False,False,
18342000,7.0,8.55157754142951,0.0,23.367685549013117,23.47215625276874,23.25287517893628,23.237048593340887,23.187324858530587,0.5014944623704498,0.16145998800084838,0.17002514243466824,0.17002514243466824,0.12557999066732653,"bcp,bahu",False,1,1,13.0,0.5,3.5138023849593814,0.7341062806849891,1,0.0,22.84523734741498,23.206440945344923,22.943777547525883,22.945457189835338,22.83374495161246,0.6781031640834494,0.13575076176895237,0.14295208919041644,0.14295208919041638,0.10558392582029634,uMod,False,12.065379926388891,30.0,40.21793308796297,17.934620073611107,False,False,
18342900,7.25,15.714019682982789,0.0,22.891241580265955,22.192403650247684,22.19618097791539,22.183405340613888,22.120912413857013,0.5144118295853333,0.4999939068826424,0.5002977625830588,0.5002977625830588,0.40423111669126705,"bcp,bahu",False,1,1,13.0,0.5,3.5138023849593814,0.7341062806849891,1,0.0,22.84523734741498,23.206440945344923,22.943777547525883,22.945457189835338,22.83374495161246,0.6781031640834494,0.13575076176895237,0.14295208919041644,0.14295208919041638,0.10558392582029634,uMod,False,19.22782206794217,30.0,64.0927402264739,10.77217793205783,False,False,
18343800,7.5,16.52724444672965,0.0,22.5934344129289,21.90238288178483,21.93428698201234,21.925439068834578,21.58317917158132,0.537226927437483,0.5045370956697711,0.505083559318843,0.505083559318843,0.502040672785714,"bcp,bahu",False,1,1,13.0,0.5,3.5138023849593814,0.7341062806849891,1,0.0,22.84523734741498,23.206440945344923,22.943777547525883,22.945457189835338,22.83374495161246,0.6781031640834494,0.13575076176895237,0.14295208919041644,0.14295208919041638,0.10558392582029634,uMod,False,20.04104683168903,30.0,66.80348943896344,9.95895316831097,False,False,
18344700,7.75,15.72816981608805,0.0,22.550085835823097,21.88207997032589,21.89126635771072,21.887495804681635,21.536814296546083,0.5221228375967518,0.501518959812408,0.5019049481947616,0.5019049481947616,0.49746419562130184,"bcp,bahu",False,1,1,13.0,0.5,3.5138023849593814,0.7341062806849891,1,0.0,22.84523734741498,23.206440945344923,22.943777547525883,22.945457189835338,22.83374495161246,0.6781031640834494,0.13575076176895237,0.14295208919041644,0.14295208919041638,0.10558392582029634,uMod,False,19.24197220104743,30.0,64.13990733682478,10.758027798952568,False,False,
18345600,8.0,15.412284277343186,0.0,22.6339877002992,21.959453782643436,21.95564345692219,21.95764245540778,21.663136864342334,0.5198734718900507,0.5010739212007462,0.5014359534898696,0.5014359534898696,0.4723436571828359,"bcp,bahu",False,1,1,13.0,0.5,4.239587091795665,0.7131223727195991,1,0.0,23.509667187872424,23.99940037328713,23.641544561905903,23.69541228222016,23.499355900114153,0.6781075515976231,0.13575164011375732,0.14295301412979247,0.14295301412979247,0.1055846089773668,uMod,False,19.651871369138853,30.0,65.50623789712951,10.348128630861147,False,False,
18346500,8.25,15.782921326733266,0.0,22.738693259680815,22.06781863394292,22.051810073412696,22.06192825538892,21.683509300242804,0.5239814727148385,0.5018898934734884,0.5022956353305693,0.5022956353305693,0.4999829611500614,"bcp,bahu",False,1,1,13.0,0.5,4.239587091795665,0.7131223727195991,1,0.0,23.509667187872424,23.99940037328713,23.641544561905903,23.69541228222016,23.499355900114153,0.6781075515976231,0.13575164011375732,0.14295301412979247,0.14295301412979247,0.1055846089773668,uMod,False,20.02250841852893,30.0,66.74169472842976,9.977491581471071,False,False,
18347400,8.5,16.122416176325945,0.0,22.876487048080435,22.214604302111923,22.17199505061666,22.195011394034168,21.795195375269316,0.5282267184233234,0.5027384290100725,0.5031892718354625,0.5031892718354625,0.5006425664464133,"bcp,bahu",False,1,1,13.0,0.5,4.239587091795665,0.7131223727195991,1,0.0,23.509667187872424,23.99940037328713,23.641544561905903,23.69541228222016,23.499355900114153,0.6781075515976231,0.13575164011375732,0.14295301412979247,0.14295301412979247,0.1055846089773668,uMod,False,20.36200326812161,30.0,67.87334422707204,9.637996731878388,False,False,
18348300,8.75,16.60885069675942,0.0,23.04029732213337,22.409989065441835,22.315449857543513,22.360423605252038,21.931593311210975,0.5323939194725943,0.5035713896631189,0.5040665039996168,0.5040665039996168,0.5012900714847444,"bcp,bahu",False,1,1,13.0,0.5,4.239587091795665,0.7131223727195991,1,0.0,23.509667187872424,23.99940037328713,23.641544561905903,23.69541228222016,23.499355900114153,0.6781075515976231,0.13575164011375732,0.14295301412979247,0.14295301412979247,0.1055846089773668,uMod,False,20.84843778855508,30.0,69.49479262851693,9.151562211444919,False,False,
18349200,9.0,17.128235018942654,0.0,23.12027686855214,22.55320007440605,22.386859303762435,22.464196974416097,21.99829005778298,0.5365492937420707,0.5044018044922263,0.504941067057388,0.5049410670573878,0.5019355472304439,"bcp,bahu",False,1,1,13.0,0.5,4.544020851881127,0.6895157143909917,1,0.0,23.778042652169688,24.234904605978727,23.97055115882364,24.205747198649817,23.8366863818257,0.6779264040981029,0.2208948944293452,0.14291482611522532,0.14291482611522532,0.1055564034399723,uMod,False,21.672255870823783,30.0,72.24085290274594,8.327744129176217,False,False,
18350100,9.25,17.12889237764666,0.0,23.174714656876745,22.67704107391114,22.437229703960895,22.555914139008337,22.045199305865765,0.5246909962513184,0.5020315621074458,0.5024448438077525,0.5024448438077525,0.5000930450772505,"bcp,bahu",False,1,1,13.0,0.5,4.544020851881127,0.6895157143909917,1,0.0,23.778042652169688,24.234904605978727,23.97055115882364,24.205747198649817,23.8366863818257,0.6779264040981029,0.2208948944293452,0.14291482611522532,0.14291482611522532,0.1055564034399723,uMod,False,21.672913229527786,30.0,72.24304409842595,8.327086770472214,False,False,
18351000,9.5,17.095537944311953,0.0,23.24740866905188,22.78576040728501,22.493152406133675,22.65675569164904,22.19435872139468,0.5193388131096572,0.5009677890174823,0.5013241315974161,0.5013241315974161,0.4661231099085262,"bcp,bahu",False,1,1,13.0,0.5,4.544020851881127,0.6895157143909917,1,0.0,23.778042652169688,24.234904605978727,23.97055115882364,24.205747198649817,23.8366863818257,0.6779264040981029,0.2208948944293452,0.14291482611522532,0.14291482611522532,0.1055564034399723,uMod,False,21.63955879619308,30.0,72.13186265397692,8.360441203806921,False,False,
18351900,9.75,17.94803595994072,0.0,23.26211872978962,22.839658954736535,22.519828274219947,22.731295779574793,22.125136698982033,0.523947250827678,0.5018825590057877,0.5022879437161486,0.5022879437161486,0.4999771230460114,"bcp,bahu",False,1,1,13.0,0.5,4.544020851881127,0.6895157143909917,1,0.0,23.778042652169688,24.234904605978727,23.97055115882364,24.205747198649817,23.8366863818257,0.6779264040981029,0.2208948944293452,0.14291482611522532,0.14291482611522532,0.1055564034399723,uMod,False,22.492056811821847,30.0,74.97352270607283,7.507943188178153,False,False,
18352800,10.0,18.574416790551986,0.0,23.283449359467795,22.87177215547706,22.54289696351367,22.804535695972845,22.142944235313053,0.5282033321621242,0.5027332286715986,0.5031838298783706,0.5031838298783706,0.5006383785350248,"bcp,bahu",False,1,1,13.0,0.5,4.48185318137147,0.661350709284271,1,0.0,23.850958874119215,24.145238282252933,24.133979695137043,24.228020953171836,24.007171169181163,0.6777996859820271,0.2703880835218506,0.14288811245218594,0.24442058179430545,0.10553667281950557,uMod,False,23.056269971923456,30.0,76.85423323974486,6.943730028076544,False,False,
18353700,10.25,19.0408616740282,0.0,23.3060287840442,22.892252002425607,22.56848786013876,22.88337516392761,22.16529086998628,0.532368308804841,0.5035657278170114,0.5040605771225843,0.5040605771225843,0.5012855201499417,"bcp,bahu",False,1,1,13.0,0.5,4.48185318137147,0.661350709284271,1,0.0,23.850958874119215,24.145238282252933,24.133979695137043,24.228020953171836,24.007171169181163,0.6777996859820271,0.2703880835218506,0.14288811245218594,0.24442058179430545,0.10553667281950557,uMod,False,23.52271485539967,30.0,78.4090495179989,6.47728514460033,False,False,
18354600,10.5,19.354527540155082,0.0,23.3227152229465,22.893136142918195,22.58812267299544,22.958740524794507,22.182169606767673,0.5365237815469794,0.5043961618826539,0.5049351604685708,0.5049351604685708,0.5019310107269006,"bcp,bahu",False,1,1,13.0,0.5,4.48185318137147,0.661350709284271,1,0.0,23.850958874119215,24.145238282252933,24.133979695137043,24.228020953171836,24.007171169181163,0.6777996859820271,0.2703880835218506,0.14288811245218594,0.24442058179430545,0.10553667281950557,uMod,False,23.836380721526552,30.0,79.45460240508851,6.163619278473448,False,False,
18355500,10.75,19.140717470995074,0.0,23.3488603086966,22.89369239797327,22.61600140630094,23.044392230255312,22.207815770515708,0.5247176710652759,0.5020365986735439,0.5024501675993801,0.5024501675993801,0.5000968785951165,"bcp,bahu",False,1,1,13.0,0.5,4.48185318137147,0.661350709284271,1,0.0,23.850958874119215,24.145238282252933,24.133979695137043,24.228020953171836,24.007171169181163,0.6777996859820271,0.2703880835218506,0.14288811245218594,0.24442058179430545,0.10553667281950557,uMod,False,23.622570652366544,30.0,78.74190217455515,6.377429347633456,False,False,
18356400,11.0,18.739574371984354,0.0,23.401976406960102,22.900762897899654,22.658877808061675,23.143364833336875,22.345264448550097,0.5193503572507371,0.5009702894776555,0.5013267521883117,0.5013267521883117,0.466255320114415,"bcp,bahu",False,1,1,13.0,0.5,2.725845044991834,0.6297388462069105,1,0.0,23.891819419944284,24.052102104644916,24.05633748344667,24.368436990887744,24.12258683235723,0.6778509107376647,0.27216217244558427,0.1951051078273539,0.28659987349402044,0.10554464876046239,uMod,False,21.46541941697619,30.0,71.5513980565873,8.53458058302381,False,False,
18357300,11.25,19.206123669056314,0.0,23.394008529922132,22.866854820154856,22.6681197357139,23.216162632470798,22.257335473796275,0.5239656106153004,0.5018865433787277,0.502292119061712,0.502292119061712,0.49998030725807724,"bcp,bahu",False,1,1,13.0,0.5,2.725845044991834,0.6297388462069105,1,0.0,23.891819419944284,24.052102104644916,24.05633748344667,24.368436990887744,24.12258683235723,0.6778509107376647,0.27216217244558427,0.1951051078273539,0.28659987349402044,0.10554464876046239,uMod,False,21.931968714048146,30.0,73.10656238016048,8.068031285951854,False,False,
18358200,11.5,19.322209343227048,0.0,23.39925528516551,22.836463786098818,22.680788919942643,23.295056488077535,22.26468848121408,0.5282113991594167,0.5027350066384214,0.5031856913910414,0.5031856913910414,0.5006398064393992,"bcp,bahu",False,1,1,13.0,0.5,2.725845044991834,0.6297388462069105,1,0.0,23.891819419944284,24.052102104644916,24.05633748344667,24.368436990887744,24.12258683235723,0.6778509107376647,0.27216217244558427,0.1951051078273539,0.28659987349402044,0.10554464876046239,uMod,False,22.04805438821888,30.0,73.49351462739627,7.95194561178112,False,False,
18359100,11.75,19.415220450470706,0.0,23.405744715333526,22.814190504635235,22.69356468081088,23.37634962050811,22.275386918578647,0.5323871736130928,0.5035698947309911,0.5040649393049657,0.5040649393049657,0.501288868867872,"bcp,bahu",False,1,1,13.0,0.5,2.725845044991834,0.6297388462069105,1,0.0,23.891819419944284,24.052102104644916,24.05633748344667,24.368436990887744,24.12258683235723,0.6778509107376647,0.27216217244558427,0.1951051078273539,0.28659987349402044,0.10554464876046239,uMod,False,22.14106549546254,30.0,73.80355165154181,7.858934504537459,False,False,
18360000,12.0,19.29879871034362,0.0,23.33882289769292,22.747758750208675,22.649257976351976,23.40633117541688,22.230495422858382,0.5365335126069748,0.5043983088707631,0.5049374082079454,0.5049374082079454,0.50193273555928,"bcp,bahu",False,1,1,13.0,0.5,2.7922496656086335,0.5968862392244864,1,0.0,23.83567962990105,23.91708318873856,24.03202285782737,24.387272661846282,24.049838563219453,0.6790710838524007,0.28055136076309406,0.20175367257870572,0.32644076787843096,0.14006681416769393,uMod,False,22.09104837595225,30.0,73.63682791984084,7.908951624047749,False,False,
18360900,12.25,18.89097759863012,0.0,23.34696176072663,22.739224096037674,22.663530477413588,23.46837598676342,22.25249974378056,0.5247363932224786,0.5020407407157581,0.5024545033549539,0.5024545033549539,0.5001002089508609,"bcp,bahu",False,1,1,13.0,0.5,2.7922496656086335,0.5968862392244864,1,0.0,23.83567962990105,23.91708318873856,24.03202285782737,24.387272661846282,24.049838563219453,0.6790710838524007,0.28055136076309406,0.20175367257870572,0.32644076787843096,0.14006681416769393,uMod,False,21.683227264238752,30.0,72.27742421412917,8.316772735761248,False,False,
18361800,12.5,18.363468360547785,0.0,23.390274145776345,22.750366587885992,22.694147079022002,23.529430160679226,22.400499744895853,0.5193669314544417,0.5009738120541091,0.5013304481256046,0.5013304481256046,0.4664461716199061,"bcp,bahu",False,1,1,13.0,0.5,2.7922496656086335,0.5968862392244864,1,0.0,23.83567962990105,23.91708318873856,24.03202285782737,24.387272661846282,24.049838563219453,0.6790710838524007,0.28055136076309406,0.20175367257870572,0.32644076787843096,0.14006681416769393,uMod,False,21.155718026156418,30.0,70.51906008718805,8.844281973843582,False,False,
18362700,12.75,18.599844408382253,0.0,23.379037413396873,22.735093531141956,22.697844978584044,23.554777517040407,22.336345900903552,0.5239671240798949,0.5018868569765943,0.5022924485851757,0.5022924485851757,0.4999805541397238,"bcp,bahu",False,1,1,13.0,0.5,2.7922496656086335,0.5968862392244864,1,0.0,23.83567962990105,23.91708318873856,24.03202285782737,24.387272661846282,24.049838563219453,0.6790710838524007,0.28055136076309406,0.20175367257870572,0.32644076787843096,0.14006681416769393,uMod,False,21.392094073990886,30.0,71.30698024663629,8.607905926009114,False,False,
18363600,13.0,18.828350801186495,0.0,23.52548736817306,22.831823909710693,22.821796422679654,23.675878531081878,22.47854109129196,0.5282190647251912,0.5027367025603966,0.5031874666290088,0.5031874666290088,0.5006411700155059,"bcp,bahu",False,1,1,13.0,0.5,2.9950609059026547,0.5602649286809045,1,0.0,24.026726299623306,23.991164541907153,24.10397406869987,24.312743175699154,24.21896512570993,0.6826682034565857,0.284864707632401,0.24763353993583925,0.42254536279517063,0.19431433114789826,uMod,False,21.82341170708915,30.0,72.74470569029717,8.17658829291085,False,False,
18364500,13.25,19.033982517172948,0.0,23.550993731701396,22.84234192540805,22.850754495049216,23.701171901088856,22.528929952187866,0.5323865271444483,0.5035697508781175,0.504064788774373,0.504064788774373,0.5012887529959198,"bcp,bahu",False,1,1,13.0,0.5,2.9950609059026547,0.5602649286809045,1,0.0,24.026726299623306,23.991164541907153,24.10397406869987,24.312743175699154,24.21896512570993,0.6826682034565857,0.284864707632401,0.24763353993583925,0.42254536279517063,0.19431433114789826,uMod,False,22.029043423075603,30.0,73.43014474358534,7.970956576924397,False,False,
18365400,13.5,19.27438793563184,0.0,23.569763104623917,22.84416377000872,22.87093791242802,23.72477462082219,22.57975788961994,0.5365503763022381,0.5044020310652986,0.5049413049988758,0.5049413049988758,0.5019357261753622,"bcp,bahu",False,1,1,13.0,0.5,2.9950609059026547,0.5602649286809045,1,0.0,24.026726299623306,23.991164541907153,24.10397406869987,24.312743175699154,24.21896512570993,0.6826682034565857,0.284864707632401,0.24763353993583925,0.42254536279517063,0.19431433114789826,uMod,False,22.269448841534494,30.0,74.23149613844832,7.730551158465506,False,False,
18366300,13.75,18.709212306983602,0.0,23.600631787716793,22.86100249211478,22.901084727731586,23.760169945821985,22.65271295715729,0.5247454247600052,0.5020427310064326,0.5024565871828641,0.5024565871828641,0.5001018073154286,"bcp,bahu",False,1,1,13.0,0.5,2.9950609059026547,0.5602649286809045,1,0.0,24.026726299623306,23.991164541907153,24.10397406869987,24.312743175699154,24.21896512570993,0.6826682034565857,0.284864707632401,0.24763353993583925,0.42254536279517063,0.19431433114789826,uMod,False,21.704273212886257,30.0,72.34757737628752,8.295726787113743,False,False,
18367200,14.0,18.086082057640972,0.0,23.660640411552436,22.885301413128275,22.937827798259434,23.799890489128643,22.846282999076834,0.5193748208083047,0.5009755193338052,0.5013322375243507,0.5013322375243507,0.4665364421262038,"bcp,bahu",False,1,1,13.0,0.5,4.433310820526976,0.5214143863646178,1,0.0,24.075004136478583,23.995490817675147,24.06011089555585,24.24470215637234,24.329215917144268,0.6836468814873742,0.28428266529590024,0.271206548260152,0.44516538889445534,0.2656708029997615,uMod,False,22.51939287816795,30.0,75.0646429272265,7.480607121832051,False,False,
18368100,14.25,17.935545494845716,0.0,23.66263537402324,22.87742110261678,22.94519540049896,23.809532666153984,22.816774413093697,0.5239929443612532,0.5018925261262221,0.5022983854423773,0.5022983854423773,0.49998510158347637,"bcp,bahu",False,1,1,13.0,0.5,4.433310820526976,0.5214143863646178,1,0.0,24.075004136478583,23.995490817675147,24.06011089555585,24.24470215637234,24.329215917144268,0.6836468814873742,0.28428266529590024,0.271206548260152,0.44516538889445534,0.2656708029997615,uMod,False,22.368856315372692,30.0,74.56285438457564,7.6311436846273075,False,False,
18369000,14.5,17.53973597820305,0.0,23.67715919450228,22.87144606808556,22.952214917325477,23.81240119076824,22.892008510715414,0.5282456970740474,0.502742591728985,0.5031936313825729,0.5031936313825729,0.500645904449284,"bcp,bahu",False,1,1,13.0,0.5,4.433310820526976,0.5214143863646178,1,0.0,24.075004136478583,23.995490817675147,24.06011089555585,24.24470215637234,24.329215917144268,0.6836468814873742,0.28428266529590024,0.271206548260152,0.44516538889445534,0.2656708029997615,uMod,False,21.973046798730028,30.0,73.2434893291001,8.026953201269972,False,False,
18369900,14.75,17.369811350401037,0.0,23.69518160101518,22.867841449477908,22.96079988297805,23.811467994684563,22.979842325433424,0.5324076719493888,0.5035744209148426,0.5040696776860278,0.5040696776860278,0.5012925059229523,"bcp,bahu",False,1,1,13.0,0.5,4.433310820526976,0.5214143863646178,1,0.0,24.075004136478583,23.995490817675147,24.06011089555585,24.24470215637234,24.329215917144268,0.6836468814873742,0.28428266529590024,0.271206548260152,0.44516538889445534,0.2656708029997615,uMod,False,21.803122170928013,30.0,72.67707390309339,8.196877829071987,False,False,
18370800,15.0,17.531177148905943,0.0,23.715536069482198,22.86703896054422,22.97181930240572,23.807903618353407,23.080632108082057,0.5365628515124424,0.504404790875689,0.5049441938840575,0.5049441938840575,0.5019379451459869,"bcp,bahu",False,1,1,13.0,0.5,3.3461134573650857,0.4799616441722094,1,0.0,23.931092695341817,23.96090992142649,24.028764025171313,24.01797642174313,24.372168583076814,0.8036066797216799,0.2762861413402815,0.28394293052987035,0.4884727801863759,0.3559735909037753,uMod,False,20.87729060627103,30.0,69.5909686875701,9.122709393728972,False,False,
18371700,15.25,17.397601107799822,0.0,23.749449014291486,22.879058520639376,22.993719418701176,23.808320424638055,23.201427343636226,0.5247071644163965,0.5020352159564199,0.5024486639390616,0.5024486639390616,0.5000960021408509,"bcp,bahu",False,1,1,13.0,0.5,3.3461134573650857,0.4799616441722094,1,0.0,23.931092695341817,23.96090992142649,24.028764025171313,24.01797642174313,24.372168583076814,0.8036066797216799,0.2762861413402815,0.28394293052987035,0.4884727801863759,0.3559735909037753,uMod,False,20.743714565164908,30.0,69.14571521721636,9.256285434835092,False,False,
18372600,15.5,17.201728283887658,0.0,23.810176321866663,22.906006070876003,23.028488220607528,23.802281285870606,23.46468496589671,0.5193639679903643,0.5009733444860899,0.5013299474530367,0.5013299474530367,0.4664096919096031,"bcp,bahu",False,1,1,13.0,0.5,3.3461134573650857,0.4799616441722094,1,0.0,23.931092695341817,23.96090992142649,24.028764025171313,24.01797642174313,24.372168583076814,0.8036066797216799,0.2762861413402815,0.28394293052987035,0.4884727801863759,0.3559735909037753,uMod,False,20.547841741252743,30.0,68.4928058041758,9.452158258747257,False,False,
18373500,15.75,17.630932551249366,0.0,23.818375855598447,22.9012701007166,23.036560869138384,23.77375375762813,23.457931552347645,0.5239803672834124,0.5018897653730454,0.5022954942797198,0.5022954942797198,0.4999828872510548,"bcp,bahu",False,1,1,13.0,0.5,3.3461134573650857,0.4799616441722094,1,0.0,23.931092695341817,23.96090992142649,24.028764025171313,24.01797642174313,24.372168583076814,0.8036066797216799,0.2762861413402815,0.28394293052987035,0.4884727801863759,0.3559735909037753,uMod,False,20.97704600861445,30.0,69.9234866953815,9.022953991385549,False,False,
18374400,16.0,17.48717588569224,0.0,23.831071842302435,22.897645141373232,23.042982060003737,23.74404188511255,23.560344717371322,0.5282264400104129,0.5027383310061128,0.5031891714239606,0.5031891714239606,0.5006424785499028,"bcp,bahu",False,1,1,13.0,0.5,3.303321605270132,0.43675560588853557,1,0.0,24.006890518670446,23.9612605553869,24.00959949600309,23.924857143808936,24.67193656515019,0.7980052663477181,0.2665291901230604,0.29092570058894407,0.4761905989275612,0.3517127532604172,uMod,False,20.79049749096237,30.0,69.3016583032079,9.20950250903763,False,False,
18375300,16.25,17.372867969182746,0.0,23.840238143866202,22.889002193598913,23.044164367257622,23.713440812117597,23.646401175785968,0.5323880713849692,0.5035701145868464,0.5040651681735988,0.5040651681735988,0.5012890509476421,"bcp,bahu",False,1,1,13.0,0.5,3.303321605270132,0.43675560588853557,1,0.0,24.006890518670446,23.9612605553869,24.00959949600309,23.924857143808936,24.67193656515019,0.7980052663477181,0.2665291901230604,0.29092570058894407,0.4761905989275612,0.3517127532604172,uMod,False,20.676189574452877,30.0,68.92063191484293,9.323810425547123,False,False,
18376200,16.5,17.25208422729001,0.0,23.84623256151292,22.878285861227766,23.04271567336832,23.68510880792803,23.73233297545653,0.5365364572288905,0.5043989959095769,0.5049381252566906,0.5049381252566906,0.5019332968316794,"bcp,bahu",False,1,1,13.0,0.5,3.303321605270132,0.43675560588853557,1,0.0,24.006890518670446,23.9612605553869,24.00959949600309,23.924857143808936,24.67193656515019,0.7980052663477181,0.2665291901230604,0.29092570058894407,0.4761905989275612,0.3517127532604172,uMod,False,20.55540583256014,30.0,68.51801944186714,9.44459416743986,False,False,
18377100,16.75,16.64916651161003,0.0,23.861862412804783,22.87698689565582,23.049514607067124,23.66677264749194,23.82778916214687,0.5246798115457626,0.5020291881034598,0.5024423527771436,0.5024423527771436,0.5000911613760544,"bcp,bahu",False,1,1,13.0,0.5,3.303321605270132,0.43675560588853557,1,0.0,24.006890518670446,23.9612605553869,24.00959949600309,23.924857143808936,24.67193656515019,0.7980052663477181,0.2665291901230604,0.29092570058894407,0.4761905989275612,0.3517127532604172,uMod,False,19.95248811688016,30.0,66.50829372293387,10.047511883119839,False,False,
18378000,17.0,16.043603910762563,0.0,23.827841892144022,22.84190780569338,23.04439254958379,23.608531679411954,24.033918512190894,0.519341918907262,0.5009685173874538,0.5013248915639847,0.5013248915639847,0.46615792587263555,"bcp,bahu",False,1,1,13.0,0.5,4.6803035781498386,0.39684720252868766,1,0.0,23.764081618464672,23.84121403843085,23.87147206346532,23.34749866459913,24.32620224291537,0.6893713427297474,0.22702417978071582,0.2616949678745468,0.5424960549893634,0.41299900602324335,uMod,False,20.723907488912403,30.0,69.07969162970801,9.276092511087597,False,False,
18378900,17.25,16.236877866055863,0.0,23.732712332379947,22.745089208251898,22.960651151929426,23.511596731991688,23.872385126754295,0.5239395356019992,0.5018812447565751,0.5022865445401168,0.5022865445401168,0.49997616444067877,"bcp,bahu",False,1,1,13.0,0.5,4.6803035781498386,0.39684720252868766,1,0.0,23.764081618464672,23.84121403843085,23.87147206346532,23.34749866459913,24.32620224291537,0.6893713427297474,0.22702417978071582,0.2616949678745468,0.5424960549893634,0.41299900602324335,uMod,False,20.917181444205703,30.0,69.72393814735234,9.082818555794297,False,False,
18379800,17.5,16.1797301780493,0.0,23.632410683684952,22.65180689268425,22.88282129928649,23.40595187783481,23.81140609422289,0.528208891681275,0.502734528159233,0.5031851859833487,0.5031851859833487,0.500639440751482,"bcp,bahu",False,1,1,13.0,0.5,4.6803035781498386,0.39684720252868766,1,0.0,23.764081618464672,23.84121403843085,23.87147206346532,23.34749866459913,24.32620224291537,0.6893713427297474,0.22702417978071582,0.2616949678745468,0.5424960549893634,0.41299900602324335,uMod,False,20.86003375619914,30.0,69.53344585399714,9.13996624380086,False,False,
18380700,17.75,16.083511958826954,0.0,23.528688991014235,22.552256470817497,22.796819740754245,23.29478817615552,23.721850620151315,0.5323728735355671,0.5035667483060622,0.5040616447020952,0.5040616447020952,0.5012863433182112,"bcp,bahu",False,1,1,13.0,0.5,4.6803035781498386,0.39684720252868766,1,0.0,23.764081618464672,23.84121403843085,23.87147206346532,23.34749866459913,24.32620224291537,0.6893713427297474,0.22702417978071582,0.2616949678745468,0.5424960549893634,0.41299900602324335,uMod,False,20.763815536976793,30.0,69.2127184565893,9.236184463023207,False,False,
18381600,18.0,15.991366652460599,0.0,23.41863553902823,22.443789754015484,22.700078543305608,23.178551856434638,23.602823911054145,0.5365357245255661,0.5043988100097792,0.5049379320846271,0.5049379320846271,0.5019331414165968,"bcp,bahu",False,1,1,13.0,0.5,3.0288743978386936,0.3620719101186258,1,0.0,23.423368024898878,23.737956459671523,23.73588246346702,23.450390587323227,23.819808452177938,0.6890285580458463,0.15374993116697067,0.18727585663156485,0.35484675165844815,0.40832539796979045,uMod,False,19.02024105029929,30.0,63.40080350099764,10.97975894970071,False,False,
18382500,18.25,15.469034935161062,0.0,23.315101605667678,22.34035557744903,22.604716696100922,23.06794229398571,23.47454425603013,0.524700236851402,0.5020337267318649,0.5024471024771784,0.5024471024771784,0.5000948155761443,"bcp,bahu",False,1,1,13.0,0.5,3.0288743978386936,0.3620719101186258,1,0.0,23.423368024898878,23.737956459671523,23.73588246346702,23.450390587323227,23.819808452177938,0.6890285580458463,0.15374993116697067,0.18727585663156485,0.35484675165844815,0.40832539796979045,uMod,False,18.497909332999754,30.0,61.659697776665844,11.502090667000246,False,False,
18383400,18.5,14.95138785841841,0.0,23.221111604082694,22.255408852703226,22.522302251551196,22.95990473339839,23.461125693316887,0.5193580767370564,0.5009720942093572,0.5013286355336276,0.5013286355336276,0.46634187983921416,"bcp,bahu",False,1,1,13.0,0.5,3.0288743978386936,0.3620719101186258,1,0.0,23.423368024898878,23.737956459671523,23.73588246346702,23.450390587323227,23.819808452177938,0.6890285580458463,0.15374993116697067,0.18727585663156485,0.35484675165844815,0.40832539796979045,uMod,False,17.980262256257106,30.0,59.93420752085702,12.019737743742894,False,False,
18384300,18.75,15.088706776942148,0.0,23.09345361084496,22.118072146314034,22.388271577832256,22.833493007684694,23.180424993162205,0.523959030575581,0.5018855644223119,0.5022910658218972,0.5022910658218972,0.4999796393055857,"bcp,bahu",False,1,1,13.0,0.5,3.0288743978386936,0.3620719101186258,1,0.0,23.423368024898878,23.737956459671523,23.73588246346702,23.450390587323227,23.819808452177938,0.6890285580458463,0.15374993116697067,0.18727585663156485,0.35484675165844815,0.40832539796979045,uMod,False,18.11758117478084,30.0,60.39193724926947,11.882418825219158,False,False,
18385200,19.0,4.899758937590192e-11,0.04650961492480121,24.318286261799017,24.375954374668765,24.258002356974657,24.684254732374086,25.186038459699205,0.00047499995238989935,9.509384787007914e-05,0.00010013836202034863,0.0001001383620203486,7.396200372177645e-05,"bcp,bahu",False,0,0,13.0,0.5,0.0,0.36112396403988406,0,1.5310335856358392,24.988211995263157,25.22402840594583,25.11762837990699,25.318171142112874,25.871205657670146,0.00045057578358645244,9.020147609699416e-05,9.498651881091655e-05,9.498658371658385e-05,7.015676917486231e-05,uMod,False,4.899758937590192e-11,30.0,1.6332529791967307e-10,29.999999999951,False,False,
18386100,19.25,5.4179784824050844e-11,0.09772472397740728,24.58694396629579,24.646663137344888,24.537135154844975,24.92081665618332,25.39089889590963,0.0004994898980069468,9.999641179516507e-05,0.00010530099971650859,0.00010530099971650879,7.777510336174408e-05,"bcp,bahu",False,0,0,13.0,0.5,0.0,0.36112396403988406,0,1.5310335856358392,24.988211995263157,25.22402840594583,25.11762837990699,25.318171142112874,25.871205657670146,0.00045057578358645244,9.020147609699416e-05,9.498651881091655e-05,9.498658371658385e-05,7.015676917486231e-05,uMod,False,5.4179784824050844e-11,30.0,1.8059928274683616e-10,29.99999999994582,False,False,
18387000,19.5,4.990047345625563e-11,0.10445163902060983,24.636069315075076,24.69053594177967,24.594566681922686,24.966716592357614,25.41780655608244,0.00047936038197347696,9.59663099555548e-05,0.00010105711325417622,0.0001010571132541764,7.464056455570155e-05,"bcp,bahu",False,0,0,13.0,0.5,0.0,0.36112396403988406,0,1.5310335856358392,24.988211995263157,25.22402840594583,25.11762837990699,25.318171142112874,25.871205657670146,0.00045057578358645244,9.020147609699416e-05,9.498651881091655e-05,9.498658371658385e-05,7.015676917486231e-05,uMod,False,4.990047345625563e-11,30.0,1.663349115208521e-10,29.9999999999501,False,False,
18387900,19.75,4.7194056059001956e-11,0.10312388537204242,24.649600228976624,24.69711155406111,24.606383718534744,24.9647276542197,25.41249554148817,0.00046618136626400353,9.332772071026655e-05,9.827855542552507e-05,9.827855542512143e-05,7.25883168748447e-05,"bcp,bahu",False,0,0,13.0,0.5,0.0,0.36112396403988406,0,1.5310335856358392,24.988211995263157,25.22402840594583,25.11762837990699,25.318171142112874,25.871205657670146,0.00045057578358645244,9.020147609699416e-05,9.498651881091655e-05,9.498658371658385e-05,7.015676917486231e-05,uMod,False,4.7194056059001956e-11,30.0,1.573135201966732e-10,29.999999999952806,False,False,
18388800,20.0,4.680434610318793e-11,0.09993522746717076,24.654399852120207,24.698571190055475,24.609231853486165,24.95908329523263,25.399740909868683,0.0004642539845570317,9.29416914003395e-05,9.787205061491062e-05,9.787205061491347e-05,7.228806359326696e-05,"bcp,bahu",False,0,0,13.0,0.5,0.0,0.36112396403988406,0,1.4179368297349697,24.99835721678079,25.214402232160523,25.091299430653066,25.304998819718776,25.807236347202604,0.0004499899876809765,9.00842487697615e-05,9.48630665009073e-05,9.48631118267004e-05,7.006557259239804e-05,uMod,False,4.680434610318793e-11,30.0,1.5601448701062643e-10,29.999999999953197,False,False,
18389700,20.25,4.660406248819495e-11,0.09652024791733993,24.657386317258158,24.699419075060746,24.610919936958965,24.95752910033673,25.38608099166936,0.0004632608565631328,9.274271284856344e-05,9.766251896041883e-05,9.766251896041829e-05,7.213329516942114e-05,"bcp,bahu",False,0,0,13.0,0.5,0.0,0.36112396403988406,0,1.4179368297349697,24.99835721678079,25.214402232160523,25.091299430653066,25.304998819718776,25.807236347202604,0.0004499899876809765,9.00842487697615e-05,9.48630665009073e-05,9.48631118267004e-05,7.006557259239804e-05,uMod,False,4.660406248819495e-11,30.0,1.5534687496064985e-10,29.999999999953396,False,False,
18390600,20.5,4.641231362847929e-11,0.09308172091661504,24.659604202779974,24.700095248807315,24.61197979239421,24.95696222058666,25.37232688366646,0.0004623079832248551,9.255180747901717e-05,9.746148854601729e-05,9.746148854601741e-05,7.19848065429207e-05,"bcp,bahu",False,0,0,13.0,0.5,0.0,0.36112396403988406,0,1.4179368297349697,24.99835721678079,25.214402232160523,25.091299430653066,25.304998819718776,25.807236347202604,0.0004499899876809765,9.00842487697615e-05,9.48630665009073e-05,9.48631118267004e-05,7.006557259239804e-05,uMod,False,4.641231362847929e-11,30.0,1.5470771209493094e-10,29.999999999953587,False,False,
18391500,20.75,4.606789778261897e-11,0.08926230248744105,24.66010731890202,24.697376606872695,24.61007083799791,24.952177483449077,25.357049209949764,0.000460590468565641,9.220783874259837e-05,9.709927486770951e-05,9.709927486749381e-05,7.171726915609606e-05,"bcp,bahu",False,0,0,13.0,0.5,0.0,0.36112396403988406,0,1.4179368297349697,24.99835721678079,25.214402232160523,25.091299430653066,25.304998819718776,25.807236347202604,0.0004499899876809765,9.00842487697615e-05,9.48630665009073e-05,9.48631118267004e-05,7.006557259239804e-05,uMod,False,4.606789778261897e-11,30.0,1.5355965927539655e-10,29.999999999953932,False,False,
18392400,21.0,4.603252048269528e-11,0.08435174067018636,24.65678270449274,24.6894769842325,24.601392091736216,24.9347822256658,25.337406962680745,0.00046041450611077615,9.217249354674724e-05,9.70620563900543e-05,9.7062056390055e-05,7.168977308032946e-05,"bcp,bahu",False,0,0,13.0,0.5,0.0,0.36112396403988406,0,1.0468367817088051,24.966758713423474,25.14732808805877,24.966726315555718,25.21315740659685,25.686351287053185,0.00044988638382869185,9.00635358750085e-05,9.48412508817491e-05,9.484128393059976e-05,7.004945016548703e-05,uMod,False,4.603252048269528e-11,30.0,1.5344173494231758e-10,29.999999999953967,False,False,
18393300,21.25,4.668271695045084e-11,0.07766329347693102,24.647620265744365,24.67560511510635,24.583659756391,24.90250679733117,25.310653173907724,0.0004636555744379425,9.282122862876033e-05,9.774520712212205e-05,9.774520712195248e-05,7.219434027316068e-05,"bcp,bahu",False,0,0,13.0,0.5,0.0,0.36112396403988406,0,1.0468367817088051,24.966758713423474,25.14732808805877,24.966726315555718,25.21315740659685,25.686351287053185,0.00044988638382869185,9.00635358750085e-05,9.48412508817491e-05,9.484128393059976e-05,7.004945016548703e-05,uMod,False,4.668271695045084e-11,30.0,1.556090565015028e-10,29.999999999953317,False,False,
18394200,21.5,4.551773082268405e-11,0.06950811724897221,24.636968095752536,24.637745103211046,24.560498623481976,24.875165320390124,25.27803246899589,0.0004578344346409242,9.165577135361546e-05,9.651792610768605e-05,9.651792610764272e-05,7.128786843838784e-05,"bcp,bahu",False,0,0,13.0,0.5,0.0,0.36112396403988406,0,1.0468367817088051,24.966758713423474,25.14732808805877,24.966726315555718,25.21315740659685,25.686351287053185,0.00044988638382869185,9.00635358750085e-05,9.48412508817491e-05,9.484128393059976e-05,7.004945016548703e-05,uMod,False,4.551773082268405e-11,30.0,1.517257694089468e-10,29.999999999954483,False,False,
18395100,21.75,4.481871979148645e-11,0.05998147388055486,24.624363848042037,24.612082318627415,24.536248996127824,24.857840260783973,25.23992589552222,0.0004543060223746805,9.094932012302423e-05,9.577400026519777e-05,9.577400026521214e-05,7.07384022330103e-05,"bcp,bahu",False,0,0,13.0,0.5,0.0,0.36112396403988406,0,1.0468367817088051,24.966758713423474,25.14732808805877,24.966726315555718,25.21315740659685,25.686351287053185,0.00044988638382869185,9.00635358750085e-05,9.48412508817491e-05,9.484128393059976e-05,7.004945016548703e-05,uMod,False,4.481871979148645e-11,30.0,1.4939573263828817e-10,29.999999999955183,False,False,
18396000,22.0,4.4735971825722015e-11,0.055131163765366864,24.613974366649245,24.59653098756968,24.517179307029437,24.837123531221778,25.220524655061467,0.00045388705210376606,9.086536474164287e-05,9.568559237261026e-05,9.5685592372512e-05,7.067309995069569e-05,"bcp,bahu",False,0,0,13.0,0.5,0.0,0.36112396403988406,0,0.8583477466779073,24.941867381216866,25.087705330935876,24.9127884492799,25.16622810978737,25.604414305954663,1.1080480901716024e-09,2.2182208875700042e-10,2.33589364734209e-10,2.3358943783059596e-10,1.7252836507057529e-10,uMod,False,4.4735971825722015e-11,30.0,1.4911990608574004e-10,29.999999999955264,False,False,
18396900,22.25,4.3912663065544524e-11,0.050216225141880955,24.606738854289063,24.580419510241654,24.50323774940324,24.83171282037557,25.200864900567524,0.00044969171853358474,9.002540738668043e-05,9.480107806450942e-05,9.48010780645095e-05,7.001979592488452e-05,"bcp,bahu",False,0,0,13.0,0.5,0.0,0.36112396403988406,0,0.8583477466779073,24.941867381216866,25.087705330935876,24.9127884492799,25.16622810978737,25.604414305954663,1.1080480901716024e-09,2.2182208875700042e-10,2.33589364734209e-10,2.3358943783059596e-10,1.7252836507057529e-10,uMod,False,4.3912663065544524e-11,30.0,1.463755435518151e-10,29.99999999995609,False,False,
18397800,22.5,3.8636805438535465e-13,0.045301757013845645,24.601291401675383,24.573443753689673,24.49063048379145,24.823878923138068,25.181207028055383,4.218138817136517e-05,8.444441051587912e-06,8.892402075774184e-06,8.892402075774192e-06,6.567901698355923e-06,"bcp,bahu",False,0,0,13.0,0.5,0.0,0.36112396403988406,0,0.8583477466779073,24.941867381216866,25.087705330935876,24.9127884492799,25.16622810978737,25.604414305954663,1.1080480901716024e-09,2.2182208875700042e-10,2.33589364734209e-10,2.3358943783059596e-10,1.7252836507057529e-10,uMod,False,3.8636805438535465e-13,30.0,1.2878935146178488e-12,29.999999999999613,False,False,
18398700,22.75,1.859676029073244e-17,0.04026077374683723,24.594298306304665,24.563463315233264,24.478602906195988,24.809559375283982,25.16104309498735,2.9264352009583285e-07,5.858533961409934e-08,6.169317689837257e-08,6.169317689837263e-08,4.5566396777588084e-08,"bcp,bahu",False,0,0,13.0,0.5,0.0,0.36112396403988406,0,0.8583477466779073,24.941867381216866,25.087705330935876,24.9127884492799,25.16622810978737,25.604414305954663,1.1080480901716024e-09,2.2182208875700042e-10,2.33589364734209e-10,2.3358943783059596e-10,1.7252836507057529e-10,uMod,False,1.859676029073244e-17,30.0,6.198920096910813e-17,30.0,False,False,
18399600,23.0,3.1121404544001143e-13,0.03505047303384856,24.586067469632553,24.55159303570946,24.465047816471554,24.793935284150336,25.140201892135394,3.78573193556865e-05,7.578790429453033e-06,7.9808303873544e-06,7.980830387354408e-06,5.894617562335809e-06,"bcp,bahu",False,0,0,13.0,0.5,0.0,0.36112396403988406,0,0.576187170883486,24.896336105229295,25.021756653966975,24.856632817775164,25.064308815882725,25.490121701033786,0.00044999108642642153,9.008451363571033e-05,9.486333903810967e-05,9.486336450194308e-05,7.00657585424574e-05,uMod,False,3.1121404544001143e-13,30.0,1.0373801514667048e-12,29.999999999999687,False,False,
18400500,23.25,4.414364205183201e-11,0.029718134879843205,24.575980983295324,24.53267107336808,24.45265258480299,24.777132534473367,25.118872539519373,0.00045087322924502603,9.026188629681999e-05,9.505010246556538e-05,9.505010246505938e-05,7.02037217113372e-05,"bcp,bahu",False,0,0,13.0,0.5,0.0,0.36112396403988406,0,0.576187170883486,24.896336105229295,25.021756653966975,24.856632817775164,25.064308815882725,25.490121701033786,0.00044999108642642153,9.008451363571033e-05,9.486333903810967e-05,9.486336450194308e-05,7.00657585424574e-05,uMod,False,4.414364205183201e-11,30.0,1.471454735061067e-10,29.999999999955858,False,False,
18401400,23.5,4.622519928148131e-11,0.023924077049457537,24.56162363771068,24.52596079644792,24.438630403551088,24.726840376340192,25.09569630819783,0.0004613815320390977,9.236551815309504e-05,9.726532876271865e-05,9.72653287627704e-05,7.18398777789219e-05,"bcp,bahu",False,0,0,13.0,0.5,0.0,0.36112396403988406,0,0.576187170883486,24.896336105229295,25.021756653966975,24.856632817775164,25.064308815882725,25.490121701033786,0.00044999108642642153,9.008451363571033e-05,9.486333903810967e-05,9.486336450194308e-05,7.00657585424574e-05,uMod,False,4.622519928148131e-11,30.0,1.540839976049377e-10,29.999999999953776,False,False,
18402300,23.75,4.606884536211594e-11,0.012981264135930815,24.548373856951628,24.511800235640976,24.42308303237752,24.707859643110396,25.051925056543723,0.00046060103230244874,9.220920848907804e-05,9.710072802453978e-05,9.710072802403387e-05,7.171830089080604e-05,"bcp,bahu",False,0,0,13.0,0.5,0.0,0.36112396403988406,0,0.576187170883486,24.896336105229295,25.021756653966975,24.856632817775164,25.064308815882725,25.490121701033786,0.00044999108642642153,9.008451363571033e-05,9.486333903810967e-05,9.486336450194308e-05,7.00657585424574e-05,uMod,False,4.606884536211594e-11,30.0,1.5356281787371979e-10,29.999999999953932,False,False,
